Tag, Frequency
<a>, 88
<div>, 73
<li>, 63
<span>, 62
<svg>, 40
<path>, 40
<meta>, 31
<strong>, 16
<ul>, 15
<p>, 9
<button>, 9
<script>, 8
<summary>, 6
<details>, 6
<include-fragment>, 4
<form>, 4
<nav>, 3
<h3>, 3
<link>, 3
<h4>, 2
<details-dialog>, 2
<ol>, 2
<clipboard-copy>, 2
<pre>, 2
<option>, 2
<h2>, 2
<code>, 2
<textarea>, 2
<template>, 2
<xmp>, 2
<label>, 1
<body>, 1
<h1>, 1
<details-menu>, 1
<img>, 1
<title>, 1
<html>, 1
<head>, 1
<signup-prompt-controller>, 1
<main>, 1
<input>, 1
<i>, 1
<article>, 1
<header>, 1
