Email, Point
lwcvo@gmail.com, 993671
rpxgg@gmail.com, 991232
gwtvolnxe@gmail.com, 990443
bkxzh@gmail.com, 988353
wieaxqhhqf@gmail.com, 979517
ack@gmail.com, 979517
inbimfgw@gmail.com, 977551
alonecwnd@gmail.com, 976770
ovttnzews@gmail.com, 975049
jthgpwmr@gmail.com, 973627
evrhqpyerg@gmail.com, 971486
odfprwrf@gmail.com, 971023
iomyi@gmail.com, 965811
narwkejoh@gmail.com, 963954
owxanayod@gmail.com, 963236
rsdgah@gmail.com, 961372
mqjcfejzes@gmail.com, 960101
ucdukqxcwc@gmail.com, 957245
rrhqhb@gmail.com, 955933
bfpmx@gmail.com, 953286
mqfecadvmg@gmail.com, 952019
ykifmdtz@gmail.com, 951568
tcstjlio@gmail.com, 950480
pklsq@gmail.com, 944807
ctgsl@gmail.com, 938510
wprufg@gmail.com, 929220
leicy@gmail.com, 926303
rbocofnhc@gmail.com, 924382
wwhkctxkak@gmail.com, 922754
naqrylzqt@gmail.com, 920817
krvsnttk@gmail.com, 920607
esrwvt@gmail.com, 918490
huuobq@gmail.com, 913661
uleegzsf@gmail.com, 909761
uhzwus@gmail.com, 901128
fxjlbytf@gmail.com, 901115
bftbgwwbv@gmail.com, 900758
bafuk@gmail.com, 898719
sywzuxgm@gmail.com, 896864
rhjdfcbz@gmail.com, 893433
btpwui@gmail.com, 892589
gvhkmzumii@gmail.com, 891445
zbcqj@gmail.com, 890347
oregxx@gmail.com, 888699
xvnwkpy@gmail.com, 887156
ddxkfejwug@gmail.com, 887124
xhhohey@gmail.com, 886867
qpuqri@gmail.com, 880709
rsqbluvmz@gmail.com, 880252
npblkctqq@gmail.com, 879710
jpfqimdzow@gmail.com, 874827
qvtbhcufi@gmail.com, 874312
ftvlydmt@gmail.com, 874312
wemsu@gmail.com, 873571
bzaob@gmail.com, 873479
ujhlc@gmail.com, 872642
rjzma@gmail.com, 870081
thmybt@gmail.com, 866186
dhnwqtl@gmail.com, 855137
cmbjkwxhnk@gmail.com, 854447
omulxegt@gmail.com, 853033
ozjrat@gmail.com, 851540
tgleakxw@gmail.com, 850351
waxwhffo@gmail.com, 849802
vvjyhqaw@gmail.com, 848305
khzycrbzxs@gmail.com, 847402
nhlshkipj@gmail.com, 844933
desex@gmail.com, 841296
mavcxer@gmail.com, 839559
izmdpuukaa@gmail.com, 837266
vzdjl@gmail.com, 835495
cjgeombwa@gmail.com, 829447
ovweyrycpq@gmail.com, 826934
eqvgfmw@gmail.com, 822505
lmzhy@gmail.com, 812233
rjahmwir@gmail.com, 811762
hjdjcc@gmail.com, 809632
zflhp@gmail.com, 807385
qvpxyn@gmail.com, 803982
umvvkhzbyw@gmail.com, 802493
hgovpwtfbw@gmail.com, 801471
qwnufbx@gmail.com, 799242
bnerevpz@gmail.com, 798330
gyqzkjm@gmail.com, 796275
gjhtdnnj@gmail.com, 795648
dwkppyg@gmail.com, 789135
zaqcs@gmail.com, 788951
spnlog@gmail.com, 788844
oiodo@gmail.com, 788427
ifkcsy@gmail.com, 785834
xgdfxjjap@gmail.com, 785398
qvyekpz@gmail.com, 779171
qlpcqhcm@gmail.com, 775624
bzjgngqf@gmail.com, 774800
zzboboy@gmail.com, 771498
jaqldmm@gmail.com, 768204
lpdfftftn@gmail.com, 763434
qjyuknytc@gmail.com, 763192
eetecp@gmail.com, 760143
zwswvjc@gmail.com, 759575
qudogntgax@gmail.com, 757710
tkougbyp@gmail.com, 746085
wfftmdrweb@gmail.com, 743146
tttbbmz@gmail.com, 738742
kcgtnn@gmail.com, 735124
ytmfr@gmail.com, 734376
uwzdy@gmail.com, 734356
aubyx@gmail.com, 731268
obmkq@gmail.com, 730996
wpzbpqqqk@gmail.com, 726603
japmhqbru@gmail.com, 723761
ccqskuod@gmail.com, 719509
rrpuxzg@gmail.com, 717912
qqamy@gmail.com, 714102
xsudb@gmail.com, 709731
rjefiynqzb@gmail.com, 709224
slttghztc@gmail.com, 709109
oryhesug@gmail.com, 708416
ywlakpv@gmail.com, 699568
vogdiicrat@gmail.com, 698863
xpejkd@gmail.com, 698417
zlmnr@gmail.com, 696301
djcpnu@gmail.com, 694185
ytrigjkrx@gmail.com, 693638
mvunazlrmw@gmail.com, 692237
yqjvyn@gmail.com, 690387
rrgirrzbpw@gmail.com, 690096
fanscug@gmail.com, 684937
ftphs@gmail.com, 682590
tncvx@gmail.com, 675850
zmxrusu@gmail.com, 673420
mjaqhl@gmail.com, 673120
ahylxluz@gmail.com, 671367
jtemerlv@gmail.com, 666714
cwugeytao@gmail.com, 664870
pydftlnhka@gmail.com, 660142
suakgjfcqo@gmail.com, 656397
niagqsxux@gmail.com, 650835
yrktj@gmail.com, 648779
clskugxs@gmail.com, 647179
hxkign@gmail.com, 641746
euznv@gmail.com, 636691
drondh@gmail.com, 635631
pvkekzjwpu@gmail.com, 634835
sfadluyrqc@gmail.com, 631480
pspusngvjo@gmail.com, 628182
rryizg@gmail.com, 627016
phlsui@gmail.com, 623401
eheynbf@gmail.com, 623375
buiemnf@gmail.com, 622157
lfxbfxpu@gmail.com, 618289
wfkswoz@gmail.com, 615127
hzkani@gmail.com, 614570
izvcck@gmail.com, 613145
ofzgnawud@gmail.com, 611425
qdcsex@gmail.com, 603340
rblodm@gmail.com, 600934
zccmhrft@gmail.com, 598026
juwqvpna@gmail.com, 595478
lohybqgnv@gmail.com, 593533
nqpiswsrtx@gmail.com, 592047
nagljr@gmail.com, 589329
pysfu@gmail.com, 586660
idnijaezv@gmail.com, 582261
mxdumftvm@gmail.com, 578700
ljbtjroc@gmail.com, 578475
vczrwpd@gmail.com, 574717
rbjpnjwv@gmail.com, 574602
atbdktbdoh@gmail.com, 571327
atyeb@gmail.com, 568869
vkgixk@gmail.com, 568054
reqxgzbluy@gmail.com, 561645
pvjoj@gmail.com, 560710
hyzpqxlnr@gmail.com, 559836
ywhlxm@gmail.com, 558927
pzlxkasfgt@gmail.com, 557696
lrdyd@gmail.com, 556461
hbhzqooumh@gmail.com, 550213
uarpri@gmail.com, 542381
bwhhajju@gmail.com, 540543
rtuggjzv@gmail.com, 538930
bazwcbdng@gmail.com, 538595
opghqd@gmail.com, 538470
ycuykh@gmail.com, 533915
xqcircrz@gmail.com, 533429
woofyxl@gmail.com, 532763
hvwev@gmail.com, 531903
ofllw@gmail.com, 530802
huvzw@gmail.com, 522677
cfvmzmtofg@gmail.com, 514160
iihvlrztwd@gmail.com, 513686
wlkybxiu@gmail.com, 510816
bfmbywikw@gmail.com, 509025
wvlzbptoh@gmail.com, 507706
ijeygamyv@gmail.com, 505937
llcljj@gmail.com, 502449
uccejyo@gmail.com, 501185
oygbag@gmail.com, 498496
dtnpoedbln@gmail.com, 494334
nmmxdvcvh@gmail.com, 490930
lagmqmtw@gmail.com, 490360
choozf@gmail.com, 485678
sorpsgcl@gmail.com, 484411
cvklgb@gmail.com, 482048
sdltjl@gmail.com, 477818
fszpvr@gmail.com, 473800
tsphw@gmail.com, 466814
uspvdi@gmail.com, 460796
earjozazpc@gmail.com, 458403
rgkmcolit@gmail.com, 457067
vbmtcdck@gmail.com, 452186
vgdmc@gmail.com, 450315
womocg@gmail.com, 450235
gxyrmfsm@gmail.com, 448610
jpuade@gmail.com, 445353
gozwndyza@gmail.com, 444619
dykci@gmail.com, 443708
frcux@gmail.com, 443370
cspakjew@gmail.com, 440741
fxwqcnegrz@gmail.com, 438000
qnhwltulan@gmail.com, 437660
aholmtwjip@gmail.com, 432203
eypxwqu@gmail.com, 429611
urufg@gmail.com, 427418
imtaskrmva@gmail.com, 426577
umgumzv@gmail.com, 426068
lxfxbwanoe@gmail.com, 420536
flfhebq@gmail.com, 408806
ysgchrcmf@gmail.com, 404540
jpbor@gmail.com, 401402
bblmbijgl@gmail.com, 385307
sxpurg@gmail.com, 384783
kdeju@gmail.com, 383106
kfjuzbep@gmail.com, 382737
nzhidrywi@gmail.com, 378131
ybwbec@gmail.com, 376880
caljb@gmail.com, 373485
vqzefilb@gmail.com, 371946
lexplu@gmail.com, 367170
uszgzgejf@gmail.com, 366047
kurlkqy@gmail.com, 362175
jambcynk@gmail.com, 360893
cdbby@gmail.com, 355142
lprmj@gmail.com, 351350
xtvxzsp@gmail.com, 349513
zzfbtwbpbf@gmail.com, 349341
lioeb@gmail.com, 349338
fscdfsrg@gmail.com, 348863
ezfsthb@gmail.com, 346118
bfzrqdz@gmail.com, 345854
duipsflma@gmail.com, 341274
toblqpas@gmail.com, 340004
rkrtfcuelb@gmail.com, 339664
apjteot@gmail.com, 336735
voawlq@gmail.com, 333497
fhhcaxikv@gmail.com, 333341
sglvrbyaq@gmail.com, 330212
caduxh@gmail.com, 329394
zsioab@gmail.com, 327558
jgyra@gmail.com, 319660
imocl@gmail.com, 319103
brknh@gmail.com, 316550
glforo@gmail.com, 313823
fdwfq@gmail.com, 310863
dzckwmnl@gmail.com, 303569
mziqraz@gmail.com, 303234
ejrwqvidxa@gmail.com, 302903
zvfjsv@gmail.com, 294574
yncylt@gmail.com, 293867
oaaskvr@gmail.com, 288810
vwtqlyz@gmail.com, 285267
wbozlzptw@gmail.com, 273694
mogzugfp@gmail.com, 260551
gjlnshjf@gmail.com, 257695
zrrjececzj@gmail.com, 247918
uvoenmlsz@gmail.com, 242991
ubmxtrybz@gmail.com, 241221
soxrcatbr@gmail.com, 240335
ziqno@gmail.com, 238451
qprbzphama@gmail.com, 238103
azegqqh@gmail.com, 232417
xaozrx@gmail.com, 223180
mrcsu@gmail.com, 221210
kaytvduy@gmail.com, 219070
oxeklk@gmail.com, 218421
zkqhisjox@gmail.com, 212797
fcnvli@gmail.com, 209390
duruuyb@gmail.com, 207593
oozmw@gmail.com, 205003
aeojouwpqf@gmail.com, 204532
eyibty@gmail.com, 198694
jcrdyhx@gmail.com, 194632
slntz@gmail.com, 190940
owyedim@gmail.com, 189415
fnbinx@gmail.com, 189242
dglpctrj@gmail.com, 188181
mupknclpzm@gmail.com, 185107
wouirjlvn@gmail.com, 185003
phtnpjjlr@gmail.com, 184300
rvgowqwc@gmail.com, 177683
uamkt@gmail.com, 174467
barcoyfl@gmail.com, 172432
eonwvx@gmail.com, 171114
lrthv@gmail.com, 170985
rxmknq@gmail.com, 170186
mqmynpvi@gmail.com, 167748
qdmmbo@gmail.com, 166712
spnfkliit@gmail.com, 164594
ajhqwl@gmail.com, 164216
jgtgecn@gmail.com, 158672
pwohkuaano@gmail.com, 154800
mllnw@gmail.com, 152568
tfddon@gmail.com, 145625
nbyxopdayd@gmail.com, 144420
hfzeanabcj@gmail.com, 144416
ffvgzwzsgo@gmail.com, 144393
hsximlwpg@gmail.com, 141899
aeyhrkmm@gmail.com, 140959
obghflze@gmail.com, 139845
gxvdhpv@gmail.com, 138082
elubhf@gmail.com, 136585
nfmjk@gmail.com, 129404
jgmgdyci@gmail.com, 127872
pyxqxs@gmail.com, 126889
ybjpvhe@gmail.com, 123115
htnzc@gmail.com, 122403
jsqwvrg@gmail.com, 120697
vdjjlgjuz@gmail.com, 116813
wqrbejckqn@gmail.com, 115618
grwgwazij@gmail.com, 115043
tseril@gmail.com, 111389
uxbkpnvcf@gmail.com, 109515
ztpuynse@gmail.com, 106296
nlzfofr@gmail.com, 105049
dbjvecaa@gmail.com, 104834
crrxmcx@gmail.com, 102964
rcvsrsve@gmail.com, 102241
ndvinji@gmail.com, 99311
aupbnamwu@gmail.com, 98989
lixyrtwc@gmail.com, 98558
ejiwnqoz@gmail.com, 98156
xvxjsr@gmail.com, 98024
chrbuqsg@gmail.com, 98019
gpgrsv@gmail.com, 98007
uqmgnnynp@gmail.com, 96748
pbyvinhcqi@gmail.com, 96672
wnzlxlxq@gmail.com, 96379
ckutqw@gmail.com, 95876
xdlmeei@gmail.com, 95404
psojoellur@gmail.com, 95194
wfkpe@gmail.com, 94993
aaxihqcg@gmail.com, 94967
lhkvxx@gmail.com, 94866
uzpdi@gmail.com, 94671
qoiodu@gmail.com, 94597
dhogepnzqo@gmail.com, 94486
sfugoww@gmail.com, 93678
amazghvipy@gmail.com, 93405
qzplp@gmail.com, 93120
bvmiykr@gmail.com, 93018
uumjsdsk@gmail.com, 92934
ydncylt@gmail.com, 92707
bdvmqkfo@gmail.com, 92635
doosfbs@gmail.com, 92403
rjrblpj@gmail.com, 91842
qacmjh@gmail.com, 91348
itdpofbpa@gmail.com, 90901
tqqhz@gmail.com, 90599
fisjuhxmhl@gmail.com, 90271
mqsxtkq@gmail.com, 90092
lackni@gmail.com, 90045
rhbnnjr@gmail.com, 89900
uxupqj@gmail.com, 89784
vyeqer@gmail.com, 89537
ddryrgvb@gmail.com, 88846
dckbgi@gmail.com, 87638
akfcjbma@gmail.com, 87569
embsnmnv@gmail.com, 87487
hxjqu@gmail.com, 87381
pkasbiwld@gmail.com, 86886
kqzbnmi@gmail.com, 86845
eawpxm@gmail.com, 86820
ryrioo@gmail.com, 86695
fhrpkrjkh@gmail.com, 86632
toeqnwc@gmail.com, 86612
fzeqn@gmail.com, 85762
ggraeovn@gmail.com, 85058
wgydjru@gmail.com, 84816
bjfjy@gmail.com, 84710
wrlqeij@gmail.com, 84637
vsvqxj@gmail.com, 84345
gvlommrqhl@gmail.com, 84344
ouetivbkli@gmail.com, 84085
nnzozypgao@gmail.com, 83728
ttxrecr@gmail.com, 83721
rdcdzhzbp@gmail.com, 83639
cyvkkzz@gmail.com, 83541
lwbgg@gmail.com, 82952
wwvuuuusf@gmail.com, 82458
fbyvskiuog@gmail.com, 81762
cfneilvx@gmail.com, 81707
hgwtomhe@gmail.com, 81491
tbtonnoft@gmail.com, 80858
lcyea@gmail.com, 80814
ztxmk@gmail.com, 80524
bubvy@gmail.com, 80498
qckyiunznb@gmail.com, 80451
uqxhhlt@gmail.com, 80312
fxzpvz@gmail.com, 80239
qgrygjcme@gmail.com, 79555
udswjdyz@gmail.com, 79432
rhxrnpcb@gmail.com, 79223
rxzns@gmail.com, 79112
xmyrk@gmail.com, 78936
rcgfh@gmail.com, 78821
skycqr@gmail.com, 78647
brvrfhil@gmail.com, 78465
bwyfne@gmail.com, 77859
tjldz@gmail.com, 77850
sgqlgv@gmail.com, 77508
exfwaeef@gmail.com, 77452
qyacmcmlj@gmail.com, 77012
vywfhxmbi@gmail.com, 76928
nciqw@gmail.com, 76859
hfofhmgc@gmail.com, 76847
ovfirdas@gmail.com, 76828
xlkrgkj@gmail.com, 76096
gxglrwd@gmail.com, 75953
fivgwjfbvk@gmail.com, 75852
zduublkxye@gmail.com, 75489
bhhaohb@gmail.com, 75397
dvjoyjqsmy@gmail.com, 74967
nrjwbusbyv@gmail.com, 74438
nwzyg@gmail.com, 74357
sxvrxortv@gmail.com, 74207
ckzvjvw@gmail.com, 74174
mfygycc@gmail.com, 73794
ppymty@gmail.com, 73410
ssomld@gmail.com, 72847
rbjyu@gmail.com, 72764
mawgiui@gmail.com, 72547
vkzgfelk@gmail.com, 72475
zdjvuymfa@gmail.com, 72378
uwyjzdmc@gmail.com, 72246
boufc@gmail.com, 72078
egebdljj@gmail.com, 71168
dbceztpstt@gmail.com, 71012
ionijyp@gmail.com, 70859
gfumufv@gmail.com, 70813
yqzscpgm@gmail.com, 70789
mjaqlqymje@gmail.com, 70348
bxfbllo@gmail.com, 70186
dlfmcomuzt@gmail.com, 69999
irfhac@gmail.com, 69268
qteibmgr@gmail.com, 69246
jckng@gmail.com, 68946
aralwc@gmail.com, 68769
ucquc@gmail.com, 68704
lusafdjeo@gmail.com, 68225
icjexlrlw@gmail.com, 67865
ibkbkgw@gmail.com, 67850
zwchpktqj@gmail.com, 67111
ivehzdlq@gmail.com, 67038
viqkpliyi@gmail.com, 66094
kskogjghkf@gmail.com, 65256
ziatjhpq@gmail.com, 65242
kffjxeefdg@gmail.com, 65148
gjzcf@gmail.com, 65065
xizfsvqqy@gmail.com, 64887
fedmmkyqsa@gmail.com, 64772
lxiaaodxlm@gmail.com, 64634
tnhid@gmail.com, 64580
gxrodtyt@gmail.com, 64493
fvmqpcf@gmail.com, 64411
pufctx@gmail.com, 64166
pyclb@gmail.com, 64158
feehnuxcgn@gmail.com, 63920
gpudaf@gmail.com, 63731
uskkdpfq@gmail.com, 63561
ezvhuodabq@gmail.com, 63498
yrundaf@gmail.com, 63191
wixpchcq@gmail.com, 62909
rkibih@gmail.com, 62609
ovuwdf@gmail.com, 61909
jxussp@gmail.com, 61812
pslfwoknc@gmail.com, 61607
ltqkhxrn@gmail.com, 61305
shytuu@gmail.com, 61011
hswjedxz@gmail.com, 60886
glnwtpfqn@gmail.com, 60499
qmxohihs@gmail.com, 60260
gnhgivmoa@gmail.com, 59458
uzeoxmv@gmail.com, 59352
zuwqhk@gmail.com, 58245
ykrvism@gmail.com, 57787
ciydjfeqcu@gmail.com, 57708
kyczipwpc@gmail.com, 57689
vezdcphi@gmail.com, 56714
fyica@gmail.com, 56473
ukegwhk@gmail.com, 56169
psqcjmz@gmail.com, 56056
nnbpxg@gmail.com, 55915
enkciugy@gmail.com, 55498
mcjczwhus@gmail.com, 55342
hshusrs@gmail.com, 55175
cmhxr@gmail.com, 55102
hfjus@gmail.com, 54634
xwnifa@gmail.com, 54617
avlfeibsu@gmail.com, 54553
ltomqhyam@gmail.com, 53634
lkyvyjav@gmail.com, 53544
hcdcplj@gmail.com, 53326
irbnammk@gmail.com, 52554
actppb@gmail.com, 52354
ciorzenlkw@gmail.com, 51608
ptnmm@gmail.com, 51468
ovatakmv@gmail.com, 51444
qbkpanxws@gmail.com, 50933
ovemx@gmail.com, 50929
ysvpayxn@gmail.com, 50402
deerdrnxvt@gmail.com, 50363
bvokez@gmail.com, 50263
wdqmdk@gmail.com, 49967
kkyqn@gmail.com, 49851
lyderya@gmail.com, 49191
qqnqndxpp@gmail.com, 48959
sqkfjzvk@gmail.com, 48542
laponob@gmail.com, 48187
ohqbxui@gmail.com, 48089
fjmgcmm@gmail.com, 48017
ttxdspxr@gmail.com, 47901
zpfbgsvu@gmail.com, 47487
zlotxod@gmail.com, 47108
vkenknksnz@gmail.com, 46945
laqqrm@gmail.com, 46529
yapgonsl@gmail.com, 46330
mhxnz@gmail.com, 45906
lblhts@gmail.com, 45585
phmwzq@gmail.com, 45543
mnrzrupn@gmail.com, 45144
xjgtwclcm@gmail.com, 45093
zuktp@gmail.com, 45049
fvrkk@gmail.com, 44763
fkfiycxj@gmail.com, 44727
jidvake@gmail.com, 44563
ynyxrdgrqh@gmail.com, 44508
cgpmn@gmail.com, 44306
tdhivwl@gmail.com, 44073
fsodjwet@gmail.com, 43961
mrvcjwtsqy@gmail.com, 43925
lelksbamel@gmail.com, 43785
ilgxo@gmail.com, 43763
zajgxm@gmail.com, 43429
ltqyvx@gmail.com, 42722
fzbcz@gmail.com, 42341
aiwge@gmail.com, 42061
jgbitcvk@gmail.com, 41936
mrtdamcmc@gmail.com, 41362
mnymsyggbc@gmail.com, 41181
sawgiuv@gmail.com, 41135
orfcad@gmail.com, 40945
jkupcvq@gmail.com, 40377
wpypzp@gmail.com, 39876
umdgg@gmail.com, 39391
fezlr@gmail.com, 39109
fvlftxqg@gmail.com, 38885
uoncyahf@gmail.com, 38267
uutlcc@gmail.com, 38257
oppmpsnrb@gmail.com, 38062
tqztfylota@gmail.com, 37636
qdaqg@gmail.com, 37439
damwfmfxag@gmail.com, 37395
lrtqlvfh@gmail.com, 37117
smfoy@gmail.com, 36950
lczsqif@gmail.com, 36561
eolsec@gmail.com, 36359
trcvna@gmail.com, 36287
xgmzetd@gmail.com, 36285
uvxok@gmail.com, 35668
qzcfmnmese@gmail.com, 35540
atuxasrtae@gmail.com, 34983
sgpliv@gmail.com, 34239
ugnzzuwui@gmail.com, 34212
xzfgbwtipa@gmail.com, 34159
kegsnot@gmail.com, 33848
fgimbql@gmail.com, 33285
tcltedhzbn@gmail.com, 33161
amkci@gmail.com, 32846
zaxjy@gmail.com, 32582
gmvlzdktz@gmail.com, 32425
ftmperuxo@gmail.com, 32284
azxsyzzg@gmail.com, 31970
vjzzq@gmail.com, 31951
tbmffou@gmail.com, 31535
hdkwafwq@gmail.com, 30945
pmjkhm@gmail.com, 30721
leufppe@gmail.com, 30226
sffuiy@gmail.com, 30020
fdffgqnnnw@gmail.com, 29320
tmymwn@gmail.com, 28496
eepwoufoj@gmail.com, 27805
dmpntufjk@gmail.com, 27717
bvnsrskq@gmail.com, 27529
palriwri@gmail.com, 27247
njosls@gmail.com, 26814
rlcyphj@gmail.com, 26561
hymcsr@gmail.com, 26476
ufosr@gmail.com, 25592
fsjdor@gmail.com, 25320
qcmwpisp@gmail.com, 25092
iuocrkgbx@gmail.com, 24345
denimejs@gmail.com, 24235
ybocwtbcf@gmail.com, 23707
pjxgk@gmail.com, 23568
qfhmfs@gmail.com, 23559
himutb@gmail.com, 23004
vbydwbc@gmail.com, 22541
xfiarnx@gmail.com, 22538
vavjk@gmail.com, 22306
hyppqmsi@gmail.com, 21889
wqnxdovav@gmail.com, 21824
wzhuwwp@gmail.com, 21701
crfcixxt@gmail.com, 21639
tchhiu@gmail.com, 21480
kbqgsjqmw@gmail.com, 21333
qniyr@gmail.com, 20605
hsoic@gmail.com, 20118
vxcgpkvf@gmail.com, 20095
hytuuiobnc@gmail.com, 19893
vkneaujnd@gmail.com, 19843
uhiax@gmail.com, 18546
kzqqqubbwc@gmail.com, 18070
dbbkfqih@gmail.com, 17933
pcpdv@gmail.com, 17918
lfmhapmj@gmail.com, 17254
wfqgtu@gmail.com, 15266
pmzfmuapj@gmail.com, 15125
blduwmgwbu@gmail.com, 14571
oneoz@gmail.com, 14432
tzkkirfoum@gmail.com, 14317
qoxjlositk@gmail.com, 14145
hiavtruf@gmail.com, 13826
ckmkl@gmail.com, 12992
txaonovv@gmail.com, 12903
nuqaqqtk@gmail.com, 12844
mcsstfxjol@gmail.com, 12764
qylpkpfbcg@gmail.com, 12417
aelrvwfl@gmail.com, 12035
bubxvednyh@gmail.com, 12023
akjqeldjn@gmail.com, 11959
avsydirv@gmail.com, 11891
xhufy@gmail.com, 11565
sxuqiotylw@gmail.com, 11056
ammdflrejw@gmail.com, 10688
lhjdlleqm@gmail.com, 10331
wmskqdl@gmail.com, 10207
ouetns@gmail.com, 9990
cabufv@gmail.com, 9967
skggubdxd@gmail.com, 9963
wvgru@gmail.com, 9893
rstdsv@gmail.com, 9884
hrxknum@gmail.com, 9856
dzgdpj@gmail.com, 9806
yqjch@gmail.com, 9776
snwbpc@gmail.com, 9756
duwdxrbiag@gmail.com, 9747
sbvfs@gmail.com, 9681
slqsxfrnv@gmail.com, 9669
hvgurwljf@gmail.com, 9640
tzcwi@gmail.com, 9627
zjolodd@gmail.com, 9577
uffbwtfw@gmail.com, 9571
vkkgyqqp@gmail.com, 9564
qozcocpx@gmail.com, 9561
mukjgl@gmail.com, 9492
pkrtmzg@gmail.com, 9450
mjirwc@gmail.com, 9361
dffiwdd@gmail.com, 9356
dooev@gmail.com, 9317
copwbnaab@gmail.com, 9281
iqofxa@gmail.com, 9215
jfibyx@gmail.com, 9210
hfopfcqv@gmail.com, 9183
qqfknry@gmail.com, 9179
tnlxfur@gmail.com, 9123
blvwsqtz@gmail.com, 9092
alcmaps@gmail.com, 8992
bwbulfxzf@gmail.com, 8976
nrarpoergr@gmail.com, 8957
hdmwt@gmail.com, 8951
rwpzytf@gmail.com, 8902
ochmurrs@gmail.com, 8879
dmdubagytp@gmail.com, 8874
sbcsvdexcj@gmail.com, 8782
rpqktboljp@gmail.com, 8780
cknaoog@gmail.com, 8729
qmxye@gmail.com, 8698
mmjazxwhyr@gmail.com, 8674
pjgbzvszkg@gmail.com, 8574
mawvwksgh@gmail.com, 8573
gfsrbdbu@gmail.com, 8566
jlxqvzn@gmail.com, 8566
ixrfgv@gmail.com, 8541
insjmx@gmail.com, 8535
rzamnop@gmail.com, 8534
pwnfpdezw@gmail.com, 8527
pztrnatj@gmail.com, 8503
boppb@gmail.com, 8440
igodeoyy@gmail.com, 8413
nhhblsregw@gmail.com, 8366
heqpqenya@gmail.com, 8345
dkaac@gmail.com, 8340
pepelhe@gmail.com, 8302
yeswenqlx@gmail.com, 8299
kreas@gmail.com, 8298
rmoxag@gmail.com, 8286
zrpmoufv@gmail.com, 8271
gwuoz@gmail.com, 8257
suhernghc@gmail.com, 8249
djpbrts@gmail.com, 8234
gsehiqry@gmail.com, 8201
hsjummjsu@gmail.com, 8158
vvwmrymmq@gmail.com, 8140
updijvekeb@gmail.com, 8137
tndaxfj@gmail.com, 8105
vnjowwkt@gmail.com, 8087
trnbjzz@gmail.com, 8082
lzcfsxwhu@gmail.com, 8076
pihup@gmail.com, 8063
jjftbqco@gmail.com, 8056
bycnck@gmail.com, 8051
zoizxr@gmail.com, 8005
tfimnmenu@gmail.com, 8004
aokyj@gmail.com, 7991
sjqfcdhh@gmail.com, 7986
jzeeao@gmail.com, 7979
obqiusuxxm@gmail.com, 7973
hexsk@gmail.com, 7948
nqqjiqe@gmail.com, 7925
svsyrfrul@gmail.com, 7880
zkuicn@gmail.com, 7877
jsrtmno@gmail.com, 7865
hcwmrzuaw@gmail.com, 7800
yfyygqgkxr@gmail.com, 7613
jvaefl@gmail.com, 7610
httrpfm@gmail.com, 7557
rfzpwfwpe@gmail.com, 7556
jgtnp@gmail.com, 7543
xtnnz@gmail.com, 7499
mfbnky@gmail.com, 7488
nfhylrbqm@gmail.com, 7478
ekrso@gmail.com, 7402
jxbdf@gmail.com, 7381
cxzantwvn@gmail.com, 7368
djmpbejrbz@gmail.com, 7360
byhlguvop@gmail.com, 7350
yvannhvoo@gmail.com, 7317
negmrqm@gmail.com, 7287
fqcvksyfh@gmail.com, 7204
nfvihke@gmail.com, 7184
mucdo@gmail.com, 7180
zpzibxru@gmail.com, 7156
jpmbquobxk@gmail.com, 7154
dcygnaf@gmail.com, 7151
qcbxw@gmail.com, 7129
gdcbjmdent@gmail.com, 7090
kuqjsw@gmail.com, 7082
sfglsqkvwe@gmail.com, 7072
gemqcm@gmail.com, 7058
dsdtjwxvg@gmail.com, 7046
lzrak@gmail.com, 6994
zyccxlvcw@gmail.com, 6921
prjkf@gmail.com, 6889
sywvgefxo@gmail.com, 6787
rhuog@gmail.com, 6776
kvbft@gmail.com, 6775
cweugydg@gmail.com, 6763
dtnsxm@gmail.com, 6755
pgdjpxu@gmail.com, 6735
oaxjxgajyz@gmail.com, 6698
mngklzco@gmail.com, 6684
vclgsngs@gmail.com, 6657
zrmvo@gmail.com, 6586
zaitfss@gmail.com, 6566
gscti@gmail.com, 6527
umeeathti@gmail.com, 6525
wdhseww@gmail.com, 6491
ibyqwj@gmail.com, 6423
gdivlmm@gmail.com, 6345
erxwwbo@gmail.com, 6330
bdqmnjbzqr@gmail.com, 6278
qdvmi@gmail.com, 6261
eqyljepqs@gmail.com, 6232
xhljitrdmn@gmail.com, 6225
oktauuudc@gmail.com, 6198
qcgbpe@gmail.com, 6070
asuywzcko@gmail.com, 6022
nuwkk@gmail.com, 5997
mfhwmr@gmail.com, 5993
mjjwv@gmail.com, 5937
gcfswoq@gmail.com, 5888
ijtyln@gmail.com, 5882
grdfsiu@gmail.com, 5841
jnnpqejgru@gmail.com, 5812
myzxhxv@gmail.com, 5804
rkkrivbt@gmail.com, 5799
txhcfzrnm@gmail.com, 5796
jhgebqwsjq@gmail.com, 5789
ffguvvcnb@gmail.com, 5786
odgpbllzdu@gmail.com, 5768
iwfntci@gmail.com, 5735
vwzsjgqxkn@gmail.com, 5716
kkaipx@gmail.com, 5715
gcwgjwnk@gmail.com, 5699
adoeh@gmail.com, 5676
fpmagb@gmail.com, 5655
twlvtfkk@gmail.com, 5643
oywtgatf@gmail.com, 5636
vlcyvaj@gmail.com, 5634
zqxip@gmail.com, 5631
vauonzv@gmail.com, 5603
thjsw@gmail.com, 5591
zwtrvpmzx@gmail.com, 5590
puztui@gmail.com, 5586
opagmexajc@gmail.com, 5582
nrgewxgcw@gmail.com, 5577
bjcqset@gmail.com, 5558
zmlly@gmail.com, 5546
srjbnfgdpp@gmail.com, 5538
ljhyzbehp@gmail.com, 5535
xziiilup@gmail.com, 5512
whlij@gmail.com, 5509
szjlshzczp@gmail.com, 5499
vvwremc@gmail.com, 5474
ariobwbajq@gmail.com, 5440
zchhafyi@gmail.com, 5378
dbwkxqd@gmail.com, 5336
zarlvwt@gmail.com, 5193
youlzz@gmail.com, 5138
pjvdrr@gmail.com, 5115
bscmbxt@gmail.com, 5054
jgqtimeav@gmail.com, 5023
wggnlxmosp@gmail.com, 5013
gaimgf@gmail.com, 5003
sochfivvom@gmail.com, 4995
srytilpka@gmail.com, 4978
qxwjzlynvf@gmail.com, 4943
scdrkh@gmail.com, 4868
yinlz@gmail.com, 4830
epelc@gmail.com, 4821
vydevpwxxy@gmail.com, 4752
wptnxllstr@gmail.com, 4738
drxlv@gmail.com, 4733
fzguus@gmail.com, 4726
jimzxzu@gmail.com, 4720
jgggxd@gmail.com, 4709
aqkgvvy@gmail.com, 4644
qtomqwvcf@gmail.com, 4642
uwxzzlda@gmail.com, 4613
nskqbvjny@gmail.com, 4608
zixpx@gmail.com, 4593
tynpc@gmail.com, 4567
cvpwrlv@gmail.com, 4544
nkkbgk@gmail.com, 4522
bwwjekxs@gmail.com, 4504
heucgr@gmail.com, 4484
twzgrjbwu@gmail.com, 4477
xzwfaau@gmail.com, 4465
dothjcq@gmail.com, 4463
smtukkb@gmail.com, 4453
cufugmbj@gmail.com, 4446
vphue@gmail.com, 4430
wkfpauhnqy@gmail.com, 4418
jmhlxelkma@gmail.com, 4401
rutyriw@gmail.com, 4388
iwjmc@gmail.com, 4385
xdqersqc@gmail.com, 4367
qvmalkv@gmail.com, 4302
qvkwfpwfts@gmail.com, 4299
nvpgw@gmail.com, 4283
erpamnbxz@gmail.com, 4224
nhvgxbity@gmail.com, 4208
provukr@gmail.com, 4199
drktjdcqi@gmail.com, 4181
slncmzx@gmail.com, 4153
ennuhdwfkq@gmail.com, 4137
pmfvjqnf@gmail.com, 4129
caxvcl@gmail.com, 4117
vkqeeckiem@gmail.com, 4090
qqgyoibsbv@gmail.com, 4048
zfrupcgech@gmail.com, 4046
qrjwdpsojt@gmail.com, 4037
hshwbs@gmail.com, 4005
xjjqoxagi@gmail.com, 3983
vyfkdss@gmail.com, 3981
xkgbhzkyv@gmail.com, 3957
xzbtgjzlho@gmail.com, 3898
ewmnsons@gmail.com, 3879
yvsrdlrqy@gmail.com, 3823
dresfey@gmail.com, 3769
aqahgukaml@gmail.com, 3742
nzzttiimcp@gmail.com, 3739
cdeaub@gmail.com, 3731
xcyxegfr@gmail.com, 3723
frgicukl@gmail.com, 3689
xmtamxtq@gmail.com, 3664
magqfw@gmail.com, 3645
kjyuxknon@gmail.com, 3633
kfygknmfki@gmail.com, 3610
yzxjzwpqp@gmail.com, 3600
suqtogwl@gmail.com, 3587
zwhowji@gmail.com, 3576
ijmmhw@gmail.com, 3521
wuvipjdkp@gmail.com, 3498
wxtxhnvsyd@gmail.com, 3461
jcppiybji@gmail.com, 3454
hwlwwyqcn@gmail.com, 3436
guskv@gmail.com, 3332
lxvsjgif@gmail.com, 3297
kxumxcy@gmail.com, 3266
zouct@gmail.com, 3221
cwlwtgvtt@gmail.com, 3212
djuqhj@gmail.com, 3182
qywxhqpftv@gmail.com, 3156
uzsfa@gmail.com, 3139
sltauwqrr@gmail.com, 3121
lgwsktzle@gmail.com, 3108
ujbocnmxt@gmail.com, 3090
osvun@gmail.com, 3047
yxjhh@gmail.com, 3027
hqotecxrv@gmail.com, 3002
ijsiyg@gmail.com, 2956
hfugp@gmail.com, 2923
qvsjd@gmail.com, 2814
frppdts@gmail.com, 2785
xmrollp@gmail.com, 2774
udrsyzdbl@gmail.com, 2731
lqner@gmail.com, 2696
qpjtxivkll@gmail.com, 2680
fufyr@gmail.com, 2672
bacuhk@gmail.com, 2653
sdzyrd@gmail.com, 2644
ntncmjnlf@gmail.com, 2635
ghjfdfxkpg@gmail.com, 2635
fcbcc@gmail.com, 2632
abgnrso@gmail.com, 2615
dgyog@gmail.com, 2589
xqtamnsp@gmail.com, 2576
evjden@gmail.com, 2576
zvwhpeyvqh@gmail.com, 2575
ozjfl@gmail.com, 2564
ieupb@gmail.com, 2563
uzvjn@gmail.com, 2545
xgqwinlrzw@gmail.com, 2543
torfis@gmail.com, 2541
viugcalmf@gmail.com, 2536
rikhcfd@gmail.com, 2536
upclwpr@gmail.com, 2434
onimmg@gmail.com, 2426
wrrzmghvb@gmail.com, 2420
hncqmwv@gmail.com, 2361
yhaocdmy@gmail.com, 2359
ahzvtw@gmail.com, 2357
rcavezo@gmail.com, 2345
zgexmffeq@gmail.com, 2340
lkkaqpexta@gmail.com, 2339
iumpxfbhz@gmail.com, 2330
afkyvt@gmail.com, 2094
yusfvpkwkv@gmail.com, 2091
vllcjatv@gmail.com, 2066
tcrzzbpgsz@gmail.com, 2059
hufxyrka@gmail.com, 2057
myvhyxrkd@gmail.com, 2052
yalvkpqw@gmail.com, 2047
auvnvorzvf@gmail.com, 2029
lmyucb@gmail.com, 1995
mbzep@gmail.com, 1979
lstflvkk@gmail.com, 1948
utjpijdqr@gmail.com, 1944
ogymev@gmail.com, 1937
soliu@gmail.com, 1933
kszoqxqnui@gmail.com, 1926
okqwni@gmail.com, 1888
cwteaj@gmail.com, 1864
daqobt@gmail.com, 1726
aertcyw@gmail.com, 1711
fcojtuvgot@gmail.com, 1673
kfhwbaswcy@gmail.com, 1650
jydbjpxd@gmail.com, 1608
zdwvjvzprd@gmail.com, 1597
naavemp@gmail.com, 1569
udqyvqw@gmail.com, 1529
vilrdskh@gmail.com, 1526
nzwepboprf@gmail.com, 1521
hkqjeru@gmail.com, 1508
uivrbzdy@gmail.com, 1490
gfygekk@gmail.com, 1479
ifebforqu@gmail.com, 1474
syzunb@gmail.com, 1473
yffjsj@gmail.com, 1441
wvynuinxw@gmail.com, 1406
pelkehqp@gmail.com, 1362
ygsrrd@gmail.com, 1361
tkwsvfoels@gmail.com, 1349
azrwt@gmail.com, 1324
frkottgbo@gmail.com, 1321
lwhqbgs@gmail.com, 1317
ltfwunzl@gmail.com, 1316
mrdrqhsfy@gmail.com, 1297
rtguhrqt@gmail.com, 1281
lpwnzhc@gmail.com, 1264
chhemchrl@gmail.com, 1248
unrhm@gmail.com, 1172
cssxncyyx@gmail.com, 1169
yuoyfpgjmu@gmail.com, 1152
meyiwmkp@gmail.com, 1090
imrfshzkk@gmail.com, 1068
jotvwcgzn@gmail.com, 1042
lgfoutrqa@gmail.com, 1024
kacra@gmail.com, 998
jpstcnjit@gmail.com, 991
zhkpq@gmail.com, 990
sjbyruaibi@gmail.com, 990
pslzv@gmail.com, 989
lnxjnmolfg@gmail.com, 989
pjcemclo@gmail.com, 988
azrhfpmrgo@gmail.com, 984
uiqwjggpy@gmail.com, 981
hmhfa@gmail.com, 980
gbzulgvwa@gmail.com, 977
gzrebjfk@gmail.com, 975
robyjlkn@gmail.com, 972
fxkvisbsp@gmail.com, 965
bqujbyp@gmail.com, 965
dbijepmh@gmail.com, 965
eomminbh@gmail.com, 957
vubikqasaa@gmail.com, 956
sgmii@gmail.com, 955
amuvsw@gmail.com, 952
fqmxu@gmail.com, 951
wqawtravoe@gmail.com, 951
fltuyl@gmail.com, 951
imurbazjq@gmail.com, 948
qvthew@gmail.com, 947
veahougps@gmail.com, 947
gabuak@gmail.com, 941
fnthzj@gmail.com, 941
zuniklm@gmail.com, 939
ykhect@gmail.com, 937
azqcr@gmail.com, 937
ljihgmo@gmail.com, 934
dxyim@gmail.com, 927
aakeyz@gmail.com, 917
jhubjv@gmail.com, 917
cbsvwyuf@gmail.com, 915
djvatdbkw@gmail.com, 915
jrpdj@gmail.com, 910
jbwsfabzlh@gmail.com, 908
oqtidijuc@gmail.com, 907
ahinbf@gmail.com, 906
jjaligzh@gmail.com, 900
rhjlu@gmail.com, 896
vrqgxbbv@gmail.com, 896
qmxmtxv@gmail.com, 885
jrzlmmll@gmail.com, 883
xaitytn@gmail.com, 882
jszrponkel@gmail.com, 880
jfflmnzadb@gmail.com, 877
ffvfjfgsoq@gmail.com, 876
ygegrcur@gmail.com, 875
syxit@gmail.com, 875
knkky@gmail.com, 874
wxubzgk@gmail.com, 874
ogstmopxyw@gmail.com, 874
rwhuachst@gmail.com, 873
kudblelwgi@gmail.com, 872
tarjqu@gmail.com, 868
reuwjnndbh@gmail.com, 867
judmpwtz@gmail.com, 866
yqrojwklil@gmail.com, 860
mdyxccsix@gmail.com, 854
tlswdyh@gmail.com, 852
kbrda@gmail.com, 848
zugfylb@gmail.com, 846
askvkg@gmail.com, 846
dtdxaqalm@gmail.com, 842
matrqy@gmail.com, 837
zernrbtii@gmail.com, 835
uaogsa@gmail.com, 831
urrbjm@gmail.com, 829
mtucsim@gmail.com, 824
txqprkxi@gmail.com, 823
rssfqnwd@gmail.com, 823
prwonnqqli@gmail.com, 821
vnmmibyd@gmail.com, 820
kccjbe@gmail.com, 820
zwwko@gmail.com, 816
kvgvzs@gmail.com, 812
penhygqb@gmail.com, 809
jgxwia@gmail.com, 801
xtnaurny@gmail.com, 800
ujkhitewpa@gmail.com, 800
qpdkvuypl@gmail.com, 797
mpydtt@gmail.com, 796
lojfhjfudz@gmail.com, 786
rituswmk@gmail.com, 785
jfpcix@gmail.com, 783
culnnx@gmail.com, 782
idlmcawix@gmail.com, 781
evuzpwae@gmail.com, 780
okmhbakqo@gmail.com, 777
mewqujqj@gmail.com, 776
vzynsl@gmail.com, 774
nzzzhcni@gmail.com, 763
dzxpuafhvx@gmail.com, 759
drdxn@gmail.com, 756
qkklydcvsd@gmail.com, 754
qefossgj@gmail.com, 748
oxjfpn@gmail.com, 748
tzyvrx@gmail.com, 748
towuvsajgr@gmail.com, 747
nnchu@gmail.com, 746
jntopokvx@gmail.com, 741
sfuvykrjz@gmail.com, 738
kkvsrrg@gmail.com, 735
ztpswsxrp@gmail.com, 735
whbwxt@gmail.com, 732
psvlkqeps@gmail.com, 729
olwehdlz@gmail.com, 729
ljrims@gmail.com, 728
tthybuqz@gmail.com, 726
cfbogcvy@gmail.com, 723
wcknprv@gmail.com, 722
mjqqrijrr@gmail.com, 722
zqqpdcamc@gmail.com, 720
caxyo@gmail.com, 717
lpoipr@gmail.com, 715
wcrgrg@gmail.com, 715
rzazwklih@gmail.com, 715
xnwrkho@gmail.com, 712
iievk@gmail.com, 703
lowetuhh@gmail.com, 703
tmpwdfnbno@gmail.com, 700
yozntxpbbo@gmail.com, 695
hvgebld@gmail.com, 692
tzxmq@gmail.com, 681
nduvhgerp@gmail.com, 680
yzgncgtovr@gmail.com, 679
szofddjsh@gmail.com, 668
ongxt@gmail.com, 666
ywzpwzj@gmail.com, 665
fnkhmjuig@gmail.com, 663
jgpaq@gmail.com, 653
vjytld@gmail.com, 650
olyzlrlpkl@gmail.com, 649
yjtbio@gmail.com, 648
bopdwu@gmail.com, 642
jtavd@gmail.com, 640
rjgzhe@gmail.com, 640
jfgrooof@gmail.com, 638
lnmqincy@gmail.com, 638
pkmwb@gmail.com, 633
asvzsmrzbn@gmail.com, 628
tuehktwr@gmail.com, 622
yzvaopcpwp@gmail.com, 620
mfbweecx@gmail.com, 614
zccmyl@gmail.com, 608
foymwkd@gmail.com, 607
wtcqrvu@gmail.com, 600
nztex@gmail.com, 599
apuvbnja@gmail.com, 598
rjyjynktu@gmail.com, 583
blfbwnslra@gmail.com, 580
hpbesytgk@gmail.com, 579
kpyutdee@gmail.com, 579
rchyhjl@gmail.com, 577
xkfuuqv@gmail.com, 573
llkqu@gmail.com, 558
ohsjub@gmail.com, 558
eochrqkkjm@gmail.com, 556
qgwsxdm@gmail.com, 556
ykqlzbqixg@gmail.com, 549
delwlea@gmail.com, 548
ogdfmw@gmail.com, 548
hybztubz@gmail.com, 547
idvqldydp@gmail.com, 546
xzppqtg@gmail.com, 546
ovpql@gmail.com, 545
qdymrryz@gmail.com, 544
ufmdvhxg@gmail.com, 544
eyrcnbeavr@gmail.com, 542
lmkiqya@gmail.com, 538
wuypqwo@gmail.com, 538
kvxmlzwbme@gmail.com, 538
ucctkxwd@gmail.com, 536
zzmlmsj@gmail.com, 535
aeanbkhz@gmail.com, 535
wvbydeus@gmail.com, 535
affle@gmail.com, 534
izmxffso@gmail.com, 527
kvtni@gmail.com, 526
gmwmxetg@gmail.com, 522
wfjbmnuc@gmail.com, 522
ychdbxgvq@gmail.com, 522
hlaha@gmail.com, 520
unqbyz@gmail.com, 517
xpsinpfkw@gmail.com, 509
flzconf@gmail.com, 508
xmylhta@gmail.com, 504
bckecdg@gmail.com, 502
ofjdsalgfv@gmail.com, 498
mvegcwwik@gmail.com, 498
uqzwooelwv@gmail.com, 492
ciwkqsgmy@gmail.com, 487
xhdlocr@gmail.com, 484
tmldyy@gmail.com, 480
qhvnixj@gmail.com, 476
kesriqsmlc@gmail.com, 476
nkbglz@gmail.com, 473
avunwqr@gmail.com, 473
kgasny@gmail.com, 471
dtngzaq@gmail.com, 469
jtzxwuzx@gmail.com, 461
qzzbmd@gmail.com, 452
vjjlaru@gmail.com, 447
nasccqa@gmail.com, 446
ngplsr@gmail.com, 445
xqvnqp@gmail.com, 443
scpisnozj@gmail.com, 442
vcnue@gmail.com, 440
zdcvvo@gmail.com, 440
diebvkj@gmail.com, 440
aqtpdkgmp@gmail.com, 435
kbqllhfds@gmail.com, 435
zxmvhar@gmail.com, 427
napqjni@gmail.com, 426
ueenh@gmail.com, 419
ivmfai@gmail.com, 413
ljiygtud@gmail.com, 413
gazcjwolq@gmail.com, 404
ydencp@gmail.com, 403
rgirtmeq@gmail.com, 394
dcmga@gmail.com, 393
oeyiwuduwx@gmail.com, 388
dgdedlzezh@gmail.com, 386
jalxxipasg@gmail.com, 385
tbkkvrlhig@gmail.com, 370
isrxvqtyg@gmail.com, 367
uhfhmoad@gmail.com, 360
pafigi@gmail.com, 359
bekjh@gmail.com, 355
gpowumee@gmail.com, 353
zzobf@gmail.com, 353
glvoukntzs@gmail.com, 336
dkkfpbifqy@gmail.com, 334
jgznrxsr@gmail.com, 333
xbxrlcrwr@gmail.com, 331
lfzveajwml@gmail.com, 328
hxvezmsn@gmail.com, 326
athrw@gmail.com, 325
nmuludlhq@gmail.com, 324
gchpndvhw@gmail.com, 322
nahaqfgf@gmail.com, 321
lruhbqvz@gmail.com, 321
ywtynxr@gmail.com, 320
hreeqwvehb@gmail.com, 320
cfrsjswdw@gmail.com, 319
panivuqx@gmail.com, 318
slclojiuti@gmail.com, 314
gsfualvf@gmail.com, 314
dgqhdtr@gmail.com, 313
jjfuk@gmail.com, 306
nsmhr@gmail.com, 301
qzqzfuacrw@gmail.com, 299
lahtbwi@gmail.com, 297
oqorqwdskz@gmail.com, 296
yinzio@gmail.com, 296
fscqkfjcvn@gmail.com, 293
rdvtxrozsr@gmail.com, 283
xkcidkfzx@gmail.com, 282
nnaeg@gmail.com, 281
cqboaowl@gmail.com, 276
cobkbw@gmail.com, 265
awnrsnptkz@gmail.com, 263
ftykjltefg@gmail.com, 258
cggiuidc@gmail.com, 256
cinnxnkua@gmail.com, 256
rixcxdu@gmail.com, 254
rrkokguy@gmail.com, 252
yqtpyiz@gmail.com, 251
dnnpwu@gmail.com, 250
kdyosysnd@gmail.com, 243
ekwib@gmail.com, 243
ljczrj@gmail.com, 242
nnjfxnkjzx@gmail.com, 237
uhuoxe@gmail.com, 234
njgrkoeb@gmail.com, 232
yripn@gmail.com, 231
zjzxut@gmail.com, 229
ucwis@gmail.com, 226
ietinlubno@gmail.com, 222
smtedfywn@gmail.com, 220
jomlntg@gmail.com, 216
mswfxrcxm@gmail.com, 216
fntcmd@gmail.com, 212
ufpcprrsad@gmail.com, 205
tedjm@gmail.com, 201
pjwmyd@gmail.com, 198
nzpbl@gmail.com, 196
uorvwts@gmail.com, 193
itrsxb@gmail.com, 188
ulxupgdfk@gmail.com, 186
ctnhg@gmail.com, 184
smiiyed@gmail.com, 184
yebzxksml@gmail.com, 184
okzfmgfdz@gmail.com, 182
oboro@gmail.com, 173
ljukdv@gmail.com, 171
kyoncb@gmail.com, 170
kkurnoa@gmail.com, 159
wvrqdhl@gmail.com, 157
onnqvp@gmail.com, 156
zqgapgjbl@gmail.com, 155
cyypbwpl@gmail.com, 154
fkzzobvtne@gmail.com, 149
swsxo@gmail.com, 148
mepgzddv@gmail.com, 145
hfuwso@gmail.com, 144
fpgqmcpkdk@gmail.com, 144
gqlmkq@gmail.com, 144
ztmkjimkry@gmail.com, 144
htylbif@gmail.com, 138
gverpkwq@gmail.com, 136
vgkhnjq@gmail.com, 131
clcmkrdyop@gmail.com, 128
zneih@gmail.com, 128
skzww@gmail.com, 123
ncwfkrj@gmail.com, 100
jdrjwfg@gmail.com, 99
woppxooa@gmail.com, 99
jdadqpeugq@gmail.com, 99
xnjlz@gmail.com, 98
argty@gmail.com, 98
dolizg@gmail.com, 98
lczrje@gmail.com, 98
sbjtij@gmail.com, 98
xfymislulc@gmail.com, 98
efbqop@gmail.com, 98
keygtqaiym@gmail.com, 97
trxab@gmail.com, 97
yeauqko@gmail.com, 97
brmppncknh@gmail.com, 96
xtqsmmh@gmail.com, 96
vmktdtb@gmail.com, 96
juhqr@gmail.com, 96
mmnkqp@gmail.com, 96
rxnbrkkcn@gmail.com, 94
brqqodts@gmail.com, 94
pgkchm@gmail.com, 94
agvwvgnsr@gmail.com, 94
meebt@gmail.com, 93
tahwjnfmv@gmail.com, 93
bqalmaxsco@gmail.com, 93
dnalcegiwz@gmail.com, 91
udtssxx@gmail.com, 91
hkzwc@gmail.com, 91
fffubxpx@gmail.com, 91
ellzu@gmail.com, 90
edjxzwbng@gmail.com, 90
cnsrmmkt@gmail.com, 90
yqgcuhhdk@gmail.com, 90
srcmzxqwp@gmail.com, 90
wvpeaqdzat@gmail.com, 90
bcexevv@gmail.com, 90
htnut@gmail.com, 89
rpmhtddoq@gmail.com, 89
twgqptmaqp@gmail.com, 88
gdrznam@gmail.com, 88
gvfyviq@gmail.com, 88
xgzjukro@gmail.com, 88
scnkdxptt@gmail.com, 87
vgfqp@gmail.com, 87
jlmjmzh@gmail.com, 87
nsdzojt@gmail.com, 87
dcinrsettt@gmail.com, 87
qbmbiixs@gmail.com, 87
qaxdq@gmail.com, 87
ixteqcx@gmail.com, 87
cgpqog@gmail.com, 86
kptasb@gmail.com, 86
rqhdtxjm@gmail.com, 86
vbsvr@gmail.com, 85
tinzcoj@gmail.com, 84
asprpc@gmail.com, 84
itofhv@gmail.com, 84
pkereyqf@gmail.com, 83
defuyn@gmail.com, 82
ttnddegz@gmail.com, 82
xxeroqr@gmail.com, 82
jaxvayseui@gmail.com, 82
qgleyxffv@gmail.com, 82
eqsayxoc@gmail.com, 82
fobbtlwud@gmail.com, 81
lorhunttr@gmail.com, 80
ftqirmm@gmail.com, 80
uyocwwms@gmail.com, 80
mwmffmfovp@gmail.com, 79
ugdzcsvicr@gmail.com, 79
wcnqnvzeit@gmail.com, 79
hidlp@gmail.com, 78
uhhdybfmo@gmail.com, 78
qpjvylla@gmail.com, 77
cucnm@gmail.com, 77
pppnozkfqp@gmail.com, 77
nztfkwyrge@gmail.com, 77
olcszgvt@gmail.com, 76
tqgoebb@gmail.com, 76
qiczprm@gmail.com, 76
ojdskbvo@gmail.com, 75
ujjyeybrp@gmail.com, 75
mwncu@gmail.com, 75
supbk@gmail.com, 75
betdsfpta@gmail.com, 75
vxquopx@gmail.com, 74
aecmiqkzb@gmail.com, 74
rqblhngz@gmail.com, 74
gylylposh@gmail.com, 73
qiztwcsehd@gmail.com, 73
skceqlajsu@gmail.com, 73
ldnxyh@gmail.com, 72
kndxkwlbv@gmail.com, 72
iztcqsqjm@gmail.com, 72
vvpkla@gmail.com, 72
hqiwv@gmail.com, 72
zmdsyil@gmail.com, 72
chahnulk@gmail.com, 72
fwxnaeqvx@gmail.com, 71
ubook@gmail.com, 71
fasqpqmtn@gmail.com, 71
ntpesk@gmail.com, 71
prbmxccxb@gmail.com, 71
xofukmfhze@gmail.com, 70
xqtfs@gmail.com, 70
qcdhy@gmail.com, 69
gyolmkqmgk@gmail.com, 69
eqvjhotv@gmail.com, 69
pcfcvjku@gmail.com, 68
azjrxyiszl@gmail.com, 68
lmslpu@gmail.com, 68
ancekbv@gmail.com, 68
hyvvdu@gmail.com, 68
qjucyr@gmail.com, 68
leyrxlijh@gmail.com, 67
vigkbxunl@gmail.com, 67
goalgus@gmail.com, 66
khxhcfxw@gmail.com, 66
loeizsn@gmail.com, 66
dzhsxvnki@gmail.com, 66
ctvfno@gmail.com, 65
dvdilnc@gmail.com, 65
yhmzj@gmail.com, 65
iugvae@gmail.com, 65
obyzq@gmail.com, 65
rogrvuzdi@gmail.com, 65
hbplagps@gmail.com, 65
wwpjzref@gmail.com, 64
gejsue@gmail.com, 64
sdezxzd@gmail.com, 64
fngyf@gmail.com, 64
eqmnll@gmail.com, 64
dmusya@gmail.com, 64
ddnowo@gmail.com, 64
gdjapwuvm@gmail.com, 63
weltylaw@gmail.com, 63
pgtfjmhxtu@gmail.com, 63
qknzaueoqc@gmail.com, 63
lwouk@gmail.com, 62
eumwxbt@gmail.com, 62
gosfql@gmail.com, 62
mujwk@gmail.com, 62
oqvbj@gmail.com, 61
fxinipib@gmail.com, 61
dkeprjjdzi@gmail.com, 61
sshlzznx@gmail.com, 60
bxfpcl@gmail.com, 59
cddynpqbnl@gmail.com, 59
jzefmkrs@gmail.com, 59
jkyzffyhes@gmail.com, 59
pngfdufkcq@gmail.com, 59
ublca@gmail.com, 58
bpfmz@gmail.com, 58
dwvqqzwii@gmail.com, 58
jinllriq@gmail.com, 58
fxcueryv@gmail.com, 57
suksd@gmail.com, 57
puhgic@gmail.com, 57
sgmavvfw@gmail.com, 57
nmkppkjwed@gmail.com, 57
abivoxnfw@gmail.com, 57
iwxfhjewa@gmail.com, 57
tscyl@gmail.com, 56
ffjpe@gmail.com, 56
gfikhifpoz@gmail.com, 56
fegmfh@gmail.com, 55
umnydhf@gmail.com, 55
eeipqe@gmail.com, 54
vxqrew@gmail.com, 54
dvowuodg@gmail.com, 54
ycsxzbovp@gmail.com, 54
xvgbgdo@gmail.com, 53
fafnpflk@gmail.com, 53
acphs@gmail.com, 53
uqhhuatkq@gmail.com, 52
hporjn@gmail.com, 52
ttaqwsmiac@gmail.com, 52
rplmmv@gmail.com, 52
nzzgejjp@gmail.com, 52
itwnjs@gmail.com, 52
jemldt@gmail.com, 51
ketjguor@gmail.com, 51
qayhhwek@gmail.com, 50
kfumek@gmail.com, 50
hpvpunpph@gmail.com, 50
ikvwnvrrgk@gmail.com, 49
apjvv@gmail.com, 49
tpwyoko@gmail.com, 49
jjtnx@gmail.com, 49
nyoqa@gmail.com, 49
utbnmxeyq@gmail.com, 49
fsbqoyiqu@gmail.com, 48
lvgplubfq@gmail.com, 48
sqmenwoy@gmail.com, 47
ebebuyft@gmail.com, 46
maomyfrkqk@gmail.com, 46
cqnjjk@gmail.com, 46
syffux@gmail.com, 46
ofbdtagsx@gmail.com, 46
kmhvgacyb@gmail.com, 45
klrwuz@gmail.com, 44
btcznbhwv@gmail.com, 44
hmsiqykiy@gmail.com, 44
aepay@gmail.com, 44
mange@gmail.com, 44
movlihovfx@gmail.com, 43
fxljsaj@gmail.com, 43
eanrkxtsq@gmail.com, 43
aeokmvkux@gmail.com, 42
ebzzkqwjox@gmail.com, 41
mqjio@gmail.com, 41
octzkl@gmail.com, 41
gvuykxh@gmail.com, 40
ukvoz@gmail.com, 40
daerlsvhr@gmail.com, 40
aihftjykg@gmail.com, 39
zeyzxxym@gmail.com, 39
bligkclwq@gmail.com, 38
bgyjf@gmail.com, 38
ulivkt@gmail.com, 37
vryimhoq@gmail.com, 37
wyixbs@gmail.com, 37
fwtoiccnm@gmail.com, 37
wdwvxspun@gmail.com, 36
ovuekwoeg@gmail.com, 36
mzwexobcw@gmail.com, 36
gflimyiu@gmail.com, 36
sxnprr@gmail.com, 36
uazvyehrez@gmail.com, 36
vcbraz@gmail.com, 35
udzlmm@gmail.com, 35
cywzqmvcnz@gmail.com, 35
nzlfst@gmail.com, 35
pcqgtn@gmail.com, 34
mlvkfk@gmail.com, 34
otwunc@gmail.com, 34
brkplzzbmz@gmail.com, 33
shwvqh@gmail.com, 33
lssqtdxxj@gmail.com, 33
pgkkxng@gmail.com, 33
cwcuqj@gmail.com, 33
accgentio@gmail.com, 33
kgwmpxq@gmail.com, 33
okeczdgje@gmail.com, 32
niwwpej@gmail.com, 32
xciternwer@gmail.com, 32
qxrfz@gmail.com, 32
kyirpefvz@gmail.com, 31
qxbzawhxu@gmail.com, 31
fajye@gmail.com, 30
fluli@gmail.com, 30
wgytmcf@gmail.com, 29
abgtvyiiko@gmail.com, 29
pcgdggda@gmail.com, 29
jccbd@gmail.com, 29
klzkpno@gmail.com, 29
bfndbywyb@gmail.com, 29
vmmsuap@gmail.com, 28
uhzszt@gmail.com, 28
riaijldh@gmail.com, 28
effdls@gmail.com, 27
yehhnfvai@gmail.com, 27
ynjkqit@gmail.com, 27
cspdoj@gmail.com, 27
zvuvetfiv@gmail.com, 27
doqga@gmail.com, 26
iujnv@gmail.com, 25
nvgldsbrtd@gmail.com, 25
kbwxcs@gmail.com, 25
arjckzn@gmail.com, 25
azllbqqk@gmail.com, 25
ojjnah@gmail.com, 25
lkqwjan@gmail.com, 24
bweibzw@gmail.com, 24
mxhdoc@gmail.com, 23
dcuiuck@gmail.com, 23
vvativl@gmail.com, 23
jgsornk@gmail.com, 23
rimxpubdg@gmail.com, 23
armktx@gmail.com, 23
fgoasapzx@gmail.com, 23
kgoaunk@gmail.com, 22
vtmrcs@gmail.com, 22
zltuolnt@gmail.com, 22
pgmvv@gmail.com, 22
drkuwrhr@gmail.com, 22
sqrwuuebh@gmail.com, 22
strmm@gmail.com, 22
zjollmlv@gmail.com, 21
ssuazlexwu@gmail.com, 21
yctzyh@gmail.com, 20
tjxsgvs@gmail.com, 20
hqfniafp@gmail.com, 19
fqieffg@gmail.com, 18
idlkunz@gmail.com, 18
qtiopbm@gmail.com, 18
sfjcnd@gmail.com, 18
zyoeyivgsa@gmail.com, 17
yqnhi@gmail.com, 17
tayzg@gmail.com, 17
vjceiwp@gmail.com, 16
plbsho@gmail.com, 16
gryog@gmail.com, 16
gsyls@gmail.com, 15
xnhbgm@gmail.com, 15
hkbgeafsj@gmail.com, 15
aknzww@gmail.com, 14
nleaweqt@gmail.com, 14
fpazybi@gmail.com, 14
dtkon@gmail.com, 13
gyknw@gmail.com, 13
gtysxvn@gmail.com, 13
zcakcmpc@gmail.com, 13
fyoapcolww@gmail.com, 12
qwafakfbje@gmail.com, 12
cjmavm@gmail.com, 12
uplknw@gmail.com, 11
idmxjjupvw@gmail.com, 11
kddbf@gmail.com, 11
wrvequtq@gmail.com, 11
kzjqux@gmail.com, 11
phhgbmeop@gmail.com, 11
rsojbodieu@gmail.com, 11
oziafxv@gmail.com, 10
bpollrdyyu@gmail.com, 10
tnphg@gmail.com, 10
iznmuhvkc@gmail.com, 9
jwfuxlvmf@gmail.com, 9
cfujwxejcr@gmail.com, 9
gwaxy@gmail.com, 9
agcrun@gmail.com, 9
wpuzgpm@gmail.com, 9
titczv@gmail.com, 9
ucwci@gmail.com, 9
pkdsdq@gmail.com, 9
zudndiio@gmail.com, 9
ysecb@gmail.com, 9
vpofwywp@gmail.com, 9
xdelf@gmail.com, 9
dacvj@gmail.com, 9
tgghgrb@gmail.com, 9
igbmjciywd@gmail.com, 9
nsudff@gmail.com, 9
jlnpkj@gmail.com, 9
ywcbx@gmail.com, 9
tkrjhhppec@gmail.com, 9
mgvhrzr@gmail.com, 9
yzxig@gmail.com, 9
noeprvvz@gmail.com, 9
iqpvldtq@gmail.com, 9
mdlqhxdwm@gmail.com, 9
naoogy@gmail.com, 9
oocsiam@gmail.com, 9
ahhirxf@gmail.com, 9
yloonbdox@gmail.com, 9
ilqwtzxze@gmail.com, 9
kvyitb@gmail.com, 9
fipaobo@gmail.com, 9
wdttmc@gmail.com, 9
gvyyvhphm@gmail.com, 9
afcxdpgi@gmail.com, 9
nmvfgqn@gmail.com, 9
jynmwtlq@gmail.com, 8
scqnw@gmail.com, 8
flwukjot@gmail.com, 8
zosiln@gmail.com, 8
ghmjk@gmail.com, 8
dpbpoiiiqt@gmail.com, 8
qdkhvyqz@gmail.com, 8
mjtstqvya@gmail.com, 8
yfupgfh@gmail.com, 8
ppplp@gmail.com, 8
vrzwnep@gmail.com, 8
dvxfekwqqz@gmail.com, 8
yhxxrlxmv@gmail.com, 8
yqpwhhwckl@gmail.com, 8
xqqbddon@gmail.com, 8
pfmparbf@gmail.com, 8
vxvcaxlp@gmail.com, 8
osxmtwmgx@gmail.com, 8
ouceop@gmail.com, 8
cqsez@gmail.com, 8
cqzqvhsdng@gmail.com, 8
rsgoxcewzu@gmail.com, 8
kgmhh@gmail.com, 8
gyvvhtpu@gmail.com, 8
pwhldwo@gmail.com, 8
dmievi@gmail.com, 8
afelabox@gmail.com, 8
tumkowu@gmail.com, 8
yplsgm@gmail.com, 8
otmszymbmh@gmail.com, 8
xqpuejqq@gmail.com, 8
phpssa@gmail.com, 8
pckudhbn@gmail.com, 8
vvvvqr@gmail.com, 8
jacalw@gmail.com, 8
mletmvpf@gmail.com, 8
csohewdf@gmail.com, 8
uzguloihaa@gmail.com, 8
fjbigmsryx@gmail.com, 8
qfghcbne@gmail.com, 8
huhgwkkjnp@gmail.com, 8
ufojglc@gmail.com, 7
lxmudffgok@gmail.com, 7
mtpkhsjc@gmail.com, 7
uievbvg@gmail.com, 7
xgmwda@gmail.com, 7
dzbpo@gmail.com, 7
fjvtvp@gmail.com, 7
dpxlikz@gmail.com, 7
uqtcocqs@gmail.com, 7
oxilzvuuw@gmail.com, 7
bnjkulz@gmail.com, 7
unhqvsco@gmail.com, 7
pbhkzuxrsz@gmail.com, 7
pcutltnkot@gmail.com, 7
akyfeaoun@gmail.com, 7
mqxkvfbqm@gmail.com, 7
kqqiypr@gmail.com, 7
bufeksxh@gmail.com, 7
tooflc@gmail.com, 7
rqqglyk@gmail.com, 7
jynbsk@gmail.com, 7
jiqtoezxj@gmail.com, 7
qlejfwnf@gmail.com, 7
gccroyrmxj@gmail.com, 7
htzld@gmail.com, 7
wdyose@gmail.com, 7
neclarmfd@gmail.com, 7
vrapoctobs@gmail.com, 7
rrbwl@gmail.com, 7
olxdtl@gmail.com, 7
kjxdsj@gmail.com, 7
uysmjsmm@gmail.com, 7
rxiofzx@gmail.com, 7
rzbehvldxs@gmail.com, 7
vwhcqb@gmail.com, 7
ipweuf@gmail.com, 7
zvcetwzpka@gmail.com, 7
eajzcbfrfp@gmail.com, 7
abnkbzo@gmail.com, 7
mjbrmdtkvr@gmail.com, 7
oupwyexnig@gmail.com, 7
eannpub@gmail.com, 7
alwwpe@gmail.com, 6
nsykfpy@gmail.com, 6
xxhha@gmail.com, 6
fobrv@gmail.com, 6
wedkfscfw@gmail.com, 6
ujoyp@gmail.com, 6
qzymdkut@gmail.com, 6
xufxtvg@gmail.com, 6
opaggxr@gmail.com, 6
qqxme@gmail.com, 6
rowpg@gmail.com, 6
qqfhwpuj@gmail.com, 6
swbyorh@gmail.com, 6
lljfvceg@gmail.com, 6
wqhwmgsgc@gmail.com, 6
dysmmsmn@gmail.com, 6
ipvqrnfx@gmail.com, 6
czxiz@gmail.com, 6
qbotdl@gmail.com, 6
hihijngwiz@gmail.com, 6
mpqniexl@gmail.com, 6
lvlmgohf@gmail.com, 6
wjmap@gmail.com, 6
qkomnluuud@gmail.com, 6
pqgly@gmail.com, 6
kvlmgztqsu@gmail.com, 6
rclfnfav@gmail.com, 6
oxthphok@gmail.com, 6
qwupqs@gmail.com, 6
jykofohdik@gmail.com, 6
cfkitqj@gmail.com, 6
vxjlcbcyb@gmail.com, 6
rdbwlmiadi@gmail.com, 6
zvtzrch@gmail.com, 6
pqiuqqca@gmail.com, 5
lywny@gmail.com, 5
rpwswx@gmail.com, 5
kdehcp@gmail.com, 5
yvvppt@gmail.com, 5
nkhxmm@gmail.com, 5
ktdwrkb@gmail.com, 5
cvuedkn@gmail.com, 5
nfwzk@gmail.com, 5
krqielcbo@gmail.com, 5
eywnvvp@gmail.com, 5
qtymtjbjy@gmail.com, 5
uvrqmm@gmail.com, 5
bbjpiywugb@gmail.com, 5
apgcmdsk@gmail.com, 5
uflzgf@gmail.com, 5
xjxoqagrg@gmail.com, 5
kdmjeewbcb@gmail.com, 5
przrewxsu@gmail.com, 5
myjiu@gmail.com, 5
qyvgxalhx@gmail.com, 5
ijzrtclzgb@gmail.com, 5
bcnmbiq@gmail.com, 5
tosusgq@gmail.com, 5
hxjzkl@gmail.com, 5
zsquwb@gmail.com, 5
butqew@gmail.com, 5
cozlsumzcr@gmail.com, 5
ymdab@gmail.com, 5
tjzuhfdlet@gmail.com, 5
ghtislnpcw@gmail.com, 5
zkemv@gmail.com, 5
rznwvq@gmail.com, 5
rjjefzn@gmail.com, 5
eljqpuk@gmail.com, 5
envkcok@gmail.com, 5
bbiuiz@gmail.com, 4
jgbpxh@gmail.com, 4
cjfwe@gmail.com, 4
cgzik@gmail.com, 4
lwqyaa@gmail.com, 4
yfnbkddr@gmail.com, 4
giuzos@gmail.com, 4
zssqmbn@gmail.com, 4
bahlydw@gmail.com, 4
mzxpedh@gmail.com, 4
wupeemnnru@gmail.com, 4
rphkuhbq@gmail.com, 4
ycmmdou@gmail.com, 4
ouomcle@gmail.com, 4
bqzxmedijk@gmail.com, 4
rxwop@gmail.com, 4
mfirnc@gmail.com, 4
gcufhu@gmail.com, 4
kbxow@gmail.com, 4
edtnumqbz@gmail.com, 4
qiwvjqv@gmail.com, 4
jbgegdg@gmail.com, 4
repkjwgswb@gmail.com, 4
plzko@gmail.com, 4
uyogx@gmail.com, 4
dieryxd@gmail.com, 4
rwzdvl@gmail.com, 4
gyaxsmdq@gmail.com, 3
vfpklim@gmail.com, 3
rslezmwphd@gmail.com, 3
zmlwzely@gmail.com, 3
xfipzjod@gmail.com, 3
dqxemli@gmail.com, 3
tyhod@gmail.com, 3
pvuihrph@gmail.com, 3
tttyxs@gmail.com, 3
uanwba@gmail.com, 3
lgculrmeqp@gmail.com, 3
zsqsoozdgo@gmail.com, 3
fcqsr@gmail.com, 3
wbfvdbhlu@gmail.com, 3
vbpntwy@gmail.com, 3
scxxi@gmail.com, 3
liqbqkj@gmail.com, 3
umqvgel@gmail.com, 3
zjlmcq@gmail.com, 3
ssprmcb@gmail.com, 3
cjzzv@gmail.com, 3
igzasygc@gmail.com, 3
vaciyah@gmail.com, 3
badjdrfca@gmail.com, 3
wycsuuska@gmail.com, 3
sgvwkiktx@gmail.com, 3
nabdhr@gmail.com, 3
bwhmma@gmail.com, 3
xzjloq@gmail.com, 3
brsjmeyr@gmail.com, 3
cwmyjtoih@gmail.com, 3
kgbqum@gmail.com, 3
utmmg@gmail.com, 3
duxaoyevwe@gmail.com, 2
lzrrbduyc@gmail.com, 2
cwsbdrh@gmail.com, 2
mqghwkpwk@gmail.com, 2
katbwr@gmail.com, 2
qnfnx@gmail.com, 2
dsjhwfqdz@gmail.com, 2
awjemobp@gmail.com, 2
muquvda@gmail.com, 2
gsoklooxm@gmail.com, 2
qgwwu@gmail.com, 2
oejvtv@gmail.com, 2
saiou@gmail.com, 2
mbfic@gmail.com, 2
vrrwyezgdt@gmail.com, 2
psugclm@gmail.com, 2
qssnkc@gmail.com, 2
fqcclfrj@gmail.com, 2
fndgcvxu@gmail.com, 2
pzaytdcpn@gmail.com, 2
jssdknxte@gmail.com, 2
eyxho@gmail.com, 2
ahvvurbo@gmail.com, 2
evcqp@gmail.com, 2
ndzpmdwvq@gmail.com, 2
zndwzzav@gmail.com, 2
fdygf@gmail.com, 2
spoadvs@gmail.com, 2
duprooqcj@gmail.com, 2
brnvmubhg@gmail.com, 2
enweazklk@gmail.com, 2
rvvdtmgznk@gmail.com, 2
bbolj@gmail.com, 2
zxihajqjn@gmail.com, 2
wlaqogg@gmail.com, 2
rwiesq@gmail.com, 2
xqusobbf@gmail.com, 2
nsxgxhcdi@gmail.com, 1
ahjarchhy@gmail.com, 1
ziafbj@gmail.com, 1
mpomkeaoba@gmail.com, 1
mkwwjdifma@gmail.com, 1
ahmxiedft@gmail.com, 1
ujkbcm@gmail.com, 1
zgmzvi@gmail.com, 1
tflaofkfm@gmail.com, 1
xjgfhtj@gmail.com, 1
cpfle@gmail.com, 1
obzpb@gmail.com, 1
ixieoc@gmail.com, 1
xilqruds@gmail.com, 1
pkqcucksvg@gmail.com, 1
ccbangxahe@gmail.com, 1
tkubcypw@gmail.com, 1
vhpit@gmail.com, 1
onzbjp@gmail.com, 1
kunrofqkjw@gmail.com, 1
azpacw@gmail.com, 1
zvrbduzf@gmail.com, 1
mteatwrb@gmail.com, 1
ngmetnkbv@gmail.com, 1
rjhuzfueh@gmail.com, 1
xnpdern@gmail.com, 1
uwraxqr@gmail.com, 1
qupwrzm@gmail.com, 1
xblvh@gmail.com, 1
emidzzov@gmail.com, 1
xdfvqeg@gmail.com, 1
exsas@gmail.com, 1
fztndhqcxa@gmail.com, 1
epwex@gmail.com, 1
rvhwmwx@gmail.com, 1
ypokk@gmail.com, 1
wpewi@gmail.com, 1
gspwuz@gmail.com, 1
fjfyld@gmail.com, 1
tqrkvr@gmail.com, 1
miemlix@gmail.com, 1
zhxxvkviw@gmail.com, 1
ssxzfxg@gmail.com, 1
nfaipapk@gmail.com, 1
fxidwels@gmail.com, 1
crynnszcr@gmail.com, 1
ohxyp@gmail.com, 1
gcjytgnmv@gmail.com, 1
vhpdjnsi@gmail.com, 1
kslwrcbgao@gmail.com, 1
tapzzut@gmail.com, 1
