Email, Point
nsxgxhcdi@gmail.com, 1
goalgus@gmail.com, 66
mogzugfp@gmail.com, 260551
asvzsmrzbn@gmail.com, 628
xkfuuqv@gmail.com, 573
zjollmlv@gmail.com, 21
jynmwtlq@gmail.com, 8
ellzu@gmail.com, 90
puztui@gmail.com, 5586
zhkpq@gmail.com, 990
yqzscpgm@gmail.com, 70789
vyeqer@gmail.com, 89537
pcqgtn@gmail.com, 34
uvxok@gmail.com, 35668
alwwpe@gmail.com, 6
scnkdxptt@gmail.com, 87
zernrbtii@gmail.com, 835
bbiuiz@gmail.com, 4
kgasny@gmail.com, 471
oziafxv@gmail.com, 10
meebt@gmail.com, 93
scqnw@gmail.com, 8
uqmgnnynp@gmail.com, 96748
towuvsajgr@gmail.com, 747
nlzfofr@gmail.com, 105049
hufxyrka@gmail.com, 2057
jgbpxh@gmail.com, 4
mjirwc@gmail.com, 9361
nnjfxnkjzx@gmail.com, 237
wieaxqhhqf@gmail.com, 979517
jnnpqejgru@gmail.com, 5812
ufojglc@gmail.com, 7
imrfshzkk@gmail.com, 1068
fqieffg@gmail.com, 18
yhaocdmy@gmail.com, 2359
ahjarchhy@gmail.com, 1
cweugydg@gmail.com, 6763
brkplzzbmz@gmail.com, 33
jjfuk@gmail.com, 306
iznmuhvkc@gmail.com, 9
vllcjatv@gmail.com, 2066
keygtqaiym@gmail.com, 97
meyiwmkp@gmail.com, 1090
mpydtt@gmail.com, 796
ohqbxui@gmail.com, 48089
gxrodtyt@gmail.com, 64493
gjlnshjf@gmail.com, 257695
rfzpwfwpe@gmail.com, 7556
nsykfpy@gmail.com, 6
dzxpuafhvx@gmail.com, 759
boufc@gmail.com, 72078
ljukdv@gmail.com, 171
phmwzq@gmail.com, 45543
dbjvecaa@gmail.com, 104834
uaogsa@gmail.com, 831
zqxip@gmail.com, 5631
flwukjot@gmail.com, 8
rixcxdu@gmail.com, 254
rmoxag@gmail.com, 8286
nzhidrywi@gmail.com, 378131
duxaoyevwe@gmail.com, 2
kqzbnmi@gmail.com, 86845
gyaxsmdq@gmail.com, 3
xzbtgjzlho@gmail.com, 3898
vogdiicrat@gmail.com, 698863
hytuuiobnc@gmail.com, 19893
ziafbj@gmail.com, 1
lxmudffgok@gmail.com, 7
gchpndvhw@gmail.com, 322
ctnhg@gmail.com, 184
ljczrj@gmail.com, 242
jalxxipasg@gmail.com, 385
rxnbrkkcn@gmail.com, 94
qvtbhcufi@gmail.com, 874312
wkfpauhnqy@gmail.com, 4418
jwfuxlvmf@gmail.com, 9
kaytvduy@gmail.com, 219070
mpomkeaoba@gmail.com, 1
bpollrdyyu@gmail.com, 10
tmpwdfnbno@gmail.com, 700
xofukmfhze@gmail.com, 70
uhiax@gmail.com, 18546
lrdyd@gmail.com, 556461
htylbif@gmail.com, 138
qkklydcvsd@gmail.com, 754
mkwwjdifma@gmail.com, 1
rzamnop@gmail.com, 8534
zwhowji@gmail.com, 3576
gcwgjwnk@gmail.com, 5699
wgytmcf@gmail.com, 29
dtnsxm@gmail.com, 6755
thmybt@gmail.com, 866186
dmpntufjk@gmail.com, 27717
fzguus@gmail.com, 4726
ahmxiedft@gmail.com, 1
mtpkhsjc@gmail.com, 7
kkurnoa@gmail.com, 159
zvwhpeyvqh@gmail.com, 2575
wnzlxlxq@gmail.com, 96379
kfhwbaswcy@gmail.com, 1650
cfujwxejcr@gmail.com, 9
vfpklim@gmail.com, 3
xqtamnsp@gmail.com, 2576
oqvbj@gmail.com, 61
rchyhjl@gmail.com, 577
zfrupcgech@gmail.com, 4046
mqmynpvi@gmail.com, 167748
bxfpcl@gmail.com, 59
nqqjiqe@gmail.com, 7925
pqiuqqca@gmail.com, 5
lxvsjgif@gmail.com, 3297
xnjlz@gmail.com, 98
ekrso@gmail.com, 7402
cgpqog@gmail.com, 86
rslezmwphd@gmail.com, 3
zosiln@gmail.com, 8
gwaxy@gmail.com, 9
tarjqu@gmail.com, 868
xxhha@gmail.com, 6
nskqbvjny@gmail.com, 4608
cjfwe@gmail.com, 4
tbmffou@gmail.com, 31535
fufyr@gmail.com, 2672
eochrqkkjm@gmail.com, 556
ghmjk@gmail.com, 8
dpbpoiiiqt@gmail.com, 8
qefossgj@gmail.com, 748
qdkhvyqz@gmail.com, 8
agcrun@gmail.com, 9
uievbvg@gmail.com, 7
toeqnwc@gmail.com, 86612
ciydjfeqcu@gmail.com, 57708
mjtstqvya@gmail.com, 8
jvaefl@gmail.com, 7610
mxhdoc@gmail.com, 23
wggnlxmosp@gmail.com, 5013
evjden@gmail.com, 2576
ldnxyh@gmail.com, 72
tdhivwl@gmail.com, 44073
ezvhuodabq@gmail.com, 63498
ujkbcm@gmail.com, 1
zgmzvi@gmail.com, 1
ygsrrd@gmail.com, 1361
qwnufbx@gmail.com, 799242
fvrkk@gmail.com, 44763
mavcxer@gmail.com, 839559
lpoipr@gmail.com, 715
sfglsqkvwe@gmail.com, 7072
yfupgfh@gmail.com, 8
lhkvxx@gmail.com, 94866
evrhqpyerg@gmail.com, 971486
cgzik@gmail.com, 4
tmymwn@gmail.com, 28496
ebebuyft@gmail.com, 46
lwqyaa@gmail.com, 4
copwbnaab@gmail.com, 9281
yfnbkddr@gmail.com, 4
zlotxod@gmail.com, 47108
jhgebqwsjq@gmail.com, 5789
ppplp@gmail.com, 8
frcux@gmail.com, 443370
cfrsjswdw@gmail.com, 319
izmdpuukaa@gmail.com, 837266
ciorzenlkw@gmail.com, 51608
fobrv@gmail.com, 6
okeczdgje@gmail.com, 32
ngplsr@gmail.com, 445
wpuzgpm@gmail.com, 9
ctvfno@gmail.com, 65
ziqno@gmail.com, 238451
vkneaujnd@gmail.com, 19843
tflaofkfm@gmail.com, 1
hrxknum@gmail.com, 9856
fscdfsrg@gmail.com, 348863
gpowumee@gmail.com, 353
zouct@gmail.com, 3221
aihftjykg@gmail.com, 39
uorvwts@gmail.com, 193
uxbkpnvcf@gmail.com, 109515
edjxzwbng@gmail.com, 90
txhcfzrnm@gmail.com, 5796
titczv@gmail.com, 9
vjzzq@gmail.com, 31951
wwhkctxkak@gmail.com, 922754
xtvxzsp@gmail.com, 349513
hpbesytgk@gmail.com, 579
xjgfhtj@gmail.com, 1
swsxo@gmail.com, 148
jsqwvrg@gmail.com, 120697
ywtynxr@gmail.com, 320
llkqu@gmail.com, 558
lywny@gmail.com, 5
twgqptmaqp@gmail.com, 88
cpfle@gmail.com, 1
zmlwzely@gmail.com, 3
gxvdhpv@gmail.com, 138082
fzeqn@gmail.com, 85762
hshwbs@gmail.com, 4005
ivehzdlq@gmail.com, 67038
xgmwda@gmail.com, 7
ohsjub@gmail.com, 558
obzpb@gmail.com, 1
zarlvwt@gmail.com, 5193
sawgiuv@gmail.com, 41135
ixieoc@gmail.com, 1
jkupcvq@gmail.com, 40377
eeipqe@gmail.com, 54
rgkmcolit@gmail.com, 457067
qvsjd@gmail.com, 2814
mngklzco@gmail.com, 6684
bubvy@gmail.com, 80498
vclgsngs@gmail.com, 6657
xilqruds@gmail.com, 1
bvnsrskq@gmail.com, 27529
doosfbs@gmail.com, 92403
rpwswx@gmail.com, 5
amazghvipy@gmail.com, 93405
vnjowwkt@gmail.com, 8087
oywtgatf@gmail.com, 5636
pkqcucksvg@gmail.com, 1
kvtni@gmail.com, 526
giuzos@gmail.com, 4
lzrrbduyc@gmail.com, 2
ulivkt@gmail.com, 37
vmmsuap@gmail.com, 28
rwhuachst@gmail.com, 873
zmxrusu@gmail.com, 673420
ysgchrcmf@gmail.com, 404540
gsyls@gmail.com, 15
fxzpvz@gmail.com, 80239
yrundaf@gmail.com, 63191
dzbpo@gmail.com, 7
kdehcp@gmail.com, 5
sgmii@gmail.com, 955
imtaskrmva@gmail.com, 426577
obghflze@gmail.com, 139845
atbdktbdoh@gmail.com, 571327
nqpiswsrtx@gmail.com, 592047
qxwjzlynvf@gmail.com, 4943
byhlguvop@gmail.com, 7350
leicy@gmail.com, 926303
ccbangxahe@gmail.com, 1
kndxkwlbv@gmail.com, 72
cwsbdrh@gmail.com, 2
yozntxpbbo@gmail.com, 695
wrrzmghvb@gmail.com, 2420
khxhcfxw@gmail.com, 66
nsmhr@gmail.com, 301
fanscug@gmail.com, 684937
skzww@gmail.com, 123
ygegrcur@gmail.com, 875
rjefiynqzb@gmail.com, 709224
yvannhvoo@gmail.com, 7317
drondh@gmail.com, 635631
zlmnr@gmail.com, 696301
zssqmbn@gmail.com, 4
wlkybxiu@gmail.com, 510816
qvmalkv@gmail.com, 4302
pcfcvjku@gmail.com, 68
glnwtpfqn@gmail.com, 60499
vgfqp@gmail.com, 87
azxsyzzg@gmail.com, 31970
wedkfscfw@gmail.com, 6
jjftbqco@gmail.com, 8056
dvdilnc@gmail.com, 65
vrzwnep@gmail.com, 8
fjvtvp@gmail.com, 7
bahlydw@gmail.com, 4
ffguvvcnb@gmail.com, 5786
kyoncb@gmail.com, 170
mqghwkpwk@gmail.com, 2
obmkq@gmail.com, 730996
eawpxm@gmail.com, 86820
rutyriw@gmail.com, 4388
qpjvylla@gmail.com, 77
vvwmrymmq@gmail.com, 8140
tkubcypw@gmail.com, 1
klrwuz@gmail.com, 44
jfgrooof@gmail.com, 638
aralwc@gmail.com, 68769
aakeyz@gmail.com, 917
zsioab@gmail.com, 327558
lwcvo@gmail.com, 993671
nkbglz@gmail.com, 473
jdrjwfg@gmail.com, 99
himutb@gmail.com, 23004
yvvppt@gmail.com, 5
qywxhqpftv@gmail.com, 3156
fcnvli@gmail.com, 209390
qgrygjcme@gmail.com, 79555
ddryrgvb@gmail.com, 88846
cssxncyyx@gmail.com, 1169
cnsrmmkt@gmail.com, 90
drktjdcqi@gmail.com, 4181
sltauwqrr@gmail.com, 3121
dvxfekwqqz@gmail.com, 8
oaxjxgajyz@gmail.com, 6698
cyvkkzz@gmail.com, 83541
frgicukl@gmail.com, 3689
qvkwfpwfts@gmail.com, 4299
vhpit@gmail.com, 1
hkqjeru@gmail.com, 1508
ucwci@gmail.com, 9
sxuqiotylw@gmail.com, 11056
wzhuwwp@gmail.com, 21701
smfoy@gmail.com, 36950
xqtfs@gmail.com, 70
ykqlzbqixg@gmail.com, 549
dcuiuck@gmail.com, 23
oboro@gmail.com, 173
dckbgi@gmail.com, 87638
nkhxmm@gmail.com, 5
tzxmq@gmail.com, 681
ykrvism@gmail.com, 57787
yqgcuhhdk@gmail.com, 90
svsyrfrul@gmail.com, 7880
ysvpayxn@gmail.com, 50402
iumpxfbhz@gmail.com, 2330
fgimbql@gmail.com, 33285
gdjapwuvm@gmail.com, 63
kcgtnn@gmail.com, 735124
vezdcphi@gmail.com, 56714
qdaqg@gmail.com, 37439
shwvqh@gmail.com, 33
ktdwrkb@gmail.com, 5
dcygnaf@gmail.com, 7151
bazwcbdng@gmail.com, 538595
mzxpedh@gmail.com, 4
azegqqh@gmail.com, 232417
onzbjp@gmail.com, 1
kunrofqkjw@gmail.com, 1
ryrioo@gmail.com, 86695
dpxlikz@gmail.com, 7
yffjsj@gmail.com, 1441
lrthv@gmail.com, 170985
udswjdyz@gmail.com, 79432
rcavezo@gmail.com, 2345
cknaoog@gmail.com, 8729
azpacw@gmail.com, 1
zmlly@gmail.com, 5546
uqtcocqs@gmail.com, 7
cvuedkn@gmail.com, 5
rrkokguy@gmail.com, 252
vzynsl@gmail.com, 774
zpzibxru@gmail.com, 7156
fscqkfjcvn@gmail.com, 293
dooev@gmail.com, 9317
lnmqincy@gmail.com, 638
rkrtfcuelb@gmail.com, 339664
nfwzk@gmail.com, 5
pkdsdq@gmail.com, 9
zudndiio@gmail.com, 9
xtnaurny@gmail.com, 800
rhjlu@gmail.com, 896
ufosr@gmail.com, 25592
niwwpej@gmail.com, 32
kgoaunk@gmail.com, 22
ahzvtw@gmail.com, 2357
hybztubz@gmail.com, 547
gaimgf@gmail.com, 5003
aelrvwfl@gmail.com, 12035
krqielcbo@gmail.com, 5
ixrfgv@gmail.com, 8541
vxquopx@gmail.com, 74
ytrigjkrx@gmail.com, 693638
jimzxzu@gmail.com, 4720
fntcmd@gmail.com, 212
olcszgvt@gmail.com, 76
argty@gmail.com, 98
jpstcnjit@gmail.com, 991
fezlr@gmail.com, 39109
tqgoebb@gmail.com, 76
alcmaps@gmail.com, 8992
apuvbnja@gmail.com, 598
kpyutdee@gmail.com, 579
ybocwtbcf@gmail.com, 23707
skggubdxd@gmail.com, 9963
ysecb@gmail.com, 9
cyypbwpl@gmail.com, 154
xziiilup@gmail.com, 5512
oxilzvuuw@gmail.com, 7
uleegzsf@gmail.com, 909761
naqrylzqt@gmail.com, 920817
qudogntgax@gmail.com, 757710
tsphw@gmail.com, 466814
nhvgxbity@gmail.com, 4208
hvwev@gmail.com, 531903
hfuwso@gmail.com, 144
dtkon@gmail.com, 13
wpzbpqqqk@gmail.com, 726603
yhmzj@gmail.com, 65
bnjkulz@gmail.com, 7
iztcqsqjm@gmail.com, 72
vcbraz@gmail.com, 35
caduxh@gmail.com, 329394
jgbitcvk@gmail.com, 41936
katbwr@gmail.com, 2
pslzv@gmail.com, 989
ikvwnvrrgk@gmail.com, 49
qnfnx@gmail.com, 2
pelkehqp@gmail.com, 1362
vpofwywp@gmail.com, 9
yhxxrlxmv@gmail.com, 8
gfsrbdbu@gmail.com, 8566
ieupb@gmail.com, 2563
ydncylt@gmail.com, 92707
zaxjy@gmail.com, 32582
amkci@gmail.com, 32846
qckyiunznb@gmail.com, 80451
jgxwia@gmail.com, 801
rkibih@gmail.com, 62609
gozwndyza@gmail.com, 444619
ptnmm@gmail.com, 51468
skycqr@gmail.com, 78647
zyoeyivgsa@gmail.com, 17
qmxmtxv@gmail.com, 885
zqgapgjbl@gmail.com, 155
dsjhwfqdz@gmail.com, 2
lelksbamel@gmail.com, 43785
hcwmrzuaw@gmail.com, 7800
egebdljj@gmail.com, 71168
azjrxyiszl@gmail.com, 68
qayhhwek@gmail.com, 50
eywnvvp@gmail.com, 5
wvrqdhl@gmail.com, 157
zvrbduzf@gmail.com, 1
wupeemnnru@gmail.com, 4
idlkunz@gmail.com, 18
smiiyed@gmail.com, 184
gsehiqry@gmail.com, 8201
vjceiwp@gmail.com, 16
dmdubagytp@gmail.com, 8874
nnchu@gmail.com, 746
wdwvxspun@gmail.com, 36
kkaipx@gmail.com, 5715
ubmxtrybz@gmail.com, 241221
mteatwrb@gmail.com, 1
plbsho@gmail.com, 16
yfyygqgkxr@gmail.com, 7613
mwmffmfovp@gmail.com, 79
ljhyzbehp@gmail.com, 5535
syxit@gmail.com, 875
itdpofbpa@gmail.com, 90901
defuyn@gmail.com, 82
azrwt@gmail.com, 1324
lmkiqya@gmail.com, 538
ngmetnkbv@gmail.com, 1
pslfwoknc@gmail.com, 61607
hgwtomhe@gmail.com, 81491
jckng@gmail.com, 68946
lagmqmtw@gmail.com, 490360
oozmw@gmail.com, 205003
dothjcq@gmail.com, 4463
jidvake@gmail.com, 44563
umgumzv@gmail.com, 426068
dgdedlzezh@gmail.com, 386
jsrtmno@gmail.com, 7865
ycuykh@gmail.com, 533915
jlxqvzn@gmail.com, 8566
uszgzgejf@gmail.com, 366047
jgqtimeav@gmail.com, 5023
tfimnmenu@gmail.com, 8004
qniyr@gmail.com, 20605
kmhvgacyb@gmail.com, 45
lgfoutrqa@gmail.com, 1024
qcdhy@gmail.com, 69
txqprkxi@gmail.com, 823
zdwvjvzprd@gmail.com, 1597
cspakjew@gmail.com, 440741
xdelf@gmail.com, 9
ugdzcsvicr@gmail.com, 79
uwyjzdmc@gmail.com, 72246
barcoyfl@gmail.com, 172432
iugvae@gmail.com, 65
kkyqn@gmail.com, 49851
bvmiykr@gmail.com, 93018
ujoyp@gmail.com, 6
awjemobp@gmail.com, 2
ariobwbajq@gmail.com, 5440
rkkrivbt@gmail.com, 5799
cfbogcvy@gmail.com, 723
xaitytn@gmail.com, 882
fxcueryv@gmail.com, 57
yrktj@gmail.com, 648779
ojdskbvo@gmail.com, 75
rjhuzfueh@gmail.com, 1
cufugmbj@gmail.com, 4446
suakgjfcqo@gmail.com, 656397
ovttnzews@gmail.com, 975049
unhqvsco@gmail.com, 7
nzzttiimcp@gmail.com, 3739
zixpx@gmail.com, 4593
bvokez@gmail.com, 50263
mjjwv@gmail.com, 5937
xfipzjod@gmail.com, 3
qzymdkut@gmail.com, 6
pbhkzuxrsz@gmail.com, 7
ggraeovn@gmail.com, 85058
nfhylrbqm@gmail.com, 7478
wuypqwo@gmail.com, 538
wixpchcq@gmail.com, 62909
pspusngvjo@gmail.com, 628182
dolizg@gmail.com, 98
viqkpliyi@gmail.com, 66094
lyderya@gmail.com, 49191
yqpwhhwckl@gmail.com, 8
qtymtjbjy@gmail.com, 5
dgqhdtr@gmail.com, 313
akjqeldjn@gmail.com, 11959
xnpdern@gmail.com, 1
pyxqxs@gmail.com, 126889
daqobt@gmail.com, 1726
bxfbllo@gmail.com, 70186
urufg@gmail.com, 427418
mfhwmr@gmail.com, 5993
pcutltnkot@gmail.com, 7
twlvtfkk@gmail.com, 5643
spnlog@gmail.com, 788844
rtuggjzv@gmail.com, 538930
rphkuhbq@gmail.com, 4
pztrnatj@gmail.com, 8503
yeswenqlx@gmail.com, 8299
affle@gmail.com, 534
oxjfpn@gmail.com, 748
ydencp@gmail.com, 403
gyknw@gmail.com, 13
nciqw@gmail.com, 76859
hxkign@gmail.com, 641746
uivrbzdy@gmail.com, 1490
slncmzx@gmail.com, 4153
ezfsthb@gmail.com, 346118
psvlkqeps@gmail.com, 729
abgtvyiiko@gmail.com, 29
uqhhuatkq@gmail.com, 52
xqqbddon@gmail.com, 8
woppxooa@gmail.com, 99
yxjhh@gmail.com, 3027
dqxemli@gmail.com, 3
vilrdskh@gmail.com, 1526
akyfeaoun@gmail.com, 7
tnlxfur@gmail.com, 9123
uwxzzlda@gmail.com, 4613
fxinipib@gmail.com, 61
myvhyxrkd@gmail.com, 2052
atyeb@gmail.com, 568869
euznv@gmail.com, 636691
mnrzrupn@gmail.com, 45144
yncylt@gmail.com, 293867
nnaeg@gmail.com, 281
dffiwdd@gmail.com, 9356
xhhohey@gmail.com, 886867
tmldyy@gmail.com, 480
xufxtvg@gmail.com, 6
wwpjzref@gmail.com, 64
scpisnozj@gmail.com, 442
trxab@gmail.com, 97
mjaqhl@gmail.com, 673120
bdvmqkfo@gmail.com, 92635
uplknw@gmail.com, 11
mqxkvfbqm@gmail.com, 7
aholmtwjip@gmail.com, 432203
xciternwer@gmail.com, 32
ouetivbkli@gmail.com, 84085
eolsec@gmail.com, 36359
ykifmdtz@gmail.com, 951568
gxglrwd@gmail.com, 75953
caxvcl@gmail.com, 4117
sjbyruaibi@gmail.com, 990
mfbnky@gmail.com, 7488
lwouk@gmail.com, 62
iqofxa@gmail.com, 9215
rhbnnjr@gmail.com, 89900
elubhf@gmail.com, 136585
rwpzytf@gmail.com, 8902
hsoic@gmail.com, 20118
uwraxqr@gmail.com, 1
vbsvr@gmail.com, 85
tcltedhzbn@gmail.com, 33161
vvjyhqaw@gmail.com, 848305
earjozazpc@gmail.com, 458403
bfzrqdz@gmail.com, 345854
wpypzp@gmail.com, 39876
cwugeytao@gmail.com, 664870
ennuhdwfkq@gmail.com, 4137
zwchpktqj@gmail.com, 67111
mnymsyggbc@gmail.com, 41181
kqqiypr@gmail.com, 7
qvthew@gmail.com, 947
muquvda@gmail.com, 2
blfbwnslra@gmail.com, 580
kjyuxknon@gmail.com, 3633
opaggxr@gmail.com, 6
mtucsim@gmail.com, 824
hsximlwpg@gmail.com, 141899
pfmparbf@gmail.com, 8
nbyxopdayd@gmail.com, 144420
uhuoxe@gmail.com, 234
pvkekzjwpu@gmail.com, 634835
aecmiqkzb@gmail.com, 74
ibkbkgw@gmail.com, 67850
vkgixk@gmail.com, 568054
apjvv@gmail.com, 49
jpmbquobxk@gmail.com, 7154
dacvj@gmail.com, 9
rssfqnwd@gmail.com, 823
djcpnu@gmail.com, 694185
btcznbhwv@gmail.com, 44
okzfmgfdz@gmail.com, 182
zwswvjc@gmail.com, 759575
duruuyb@gmail.com, 207593
qlpcqhcm@gmail.com, 775624
upclwpr@gmail.com, 2434
tbtonnoft@gmail.com, 80858
qupwrzm@gmail.com, 1
qqxme@gmail.com, 6
tkwsvfoels@gmail.com, 1349
rpqktboljp@gmail.com, 8780
pjvdrr@gmail.com, 5115
mrcsu@gmail.com, 221210
zzboboy@gmail.com, 771498
aqahgukaml@gmail.com, 3742
xmylhta@gmail.com, 504
lxiaaodxlm@gmail.com, 64634
suqtogwl@gmail.com, 3587
chrbuqsg@gmail.com, 98019
zjzxut@gmail.com, 229
qfhmfs@gmail.com, 23559
knkky@gmail.com, 874
hcdcplj@gmail.com, 53326
spnfkliit@gmail.com, 164594
effdls@gmail.com, 27
tyhod@gmail.com, 3
tahwjnfmv@gmail.com, 93
twzgrjbwu@gmail.com, 4477
tinzcoj@gmail.com, 84
jlmjmzh@gmail.com, 87
gverpkwq@gmail.com, 136
vdjjlgjuz@gmail.com, 116813
rowpg@gmail.com, 6
lfxbfxpu@gmail.com, 618289
tnhid@gmail.com, 64580
mhxnz@gmail.com, 45906
bopdwu@gmail.com, 642
nrjwbusbyv@gmail.com, 74438
xqvnqp@gmail.com, 443
sorpsgcl@gmail.com, 484411
ziatjhpq@gmail.com, 65242
asprpc@gmail.com, 84
khzycrbzxs@gmail.com, 847402
tndaxfj@gmail.com, 8105
jbwsfabzlh@gmail.com, 908
rhuog@gmail.com, 6776
tgghgrb@gmail.com, 9
idmxjjupvw@gmail.com, 11
smtukkb@gmail.com, 4453
snwbpc@gmail.com, 9756
hswjedxz@gmail.com, 60886
zeyzxxym@gmail.com, 39
ivmfai@gmail.com, 413
fszpvr@gmail.com, 473800
dhnwqtl@gmail.com, 855137
srjbnfgdpp@gmail.com, 5538
pvuihrph@gmail.com, 3
deerdrnxvt@gmail.com, 50363
aeojouwpqf@gmail.com, 204532
vxcgpkvf@gmail.com, 20095
nagljr@gmail.com, 589329
xlkrgkj@gmail.com, 76096
xpsinpfkw@gmail.com, 509
lmslpu@gmail.com, 68
qvyekpz@gmail.com, 779171
wcrgrg@gmail.com, 715
xzwfaau@gmail.com, 4465
waxwhffo@gmail.com, 849802
xvxjsr@gmail.com, 98024
xjjqoxagi@gmail.com, 3983
yehhnfvai@gmail.com, 27
bligkclwq@gmail.com, 38
weltylaw@gmail.com, 63
nmuludlhq@gmail.com, 324
cucnm@gmail.com, 77
bufeksxh@gmail.com, 7
imurbazjq@gmail.com, 948
yeauqko@gmail.com, 97
htnzc@gmail.com, 122403
fsodjwet@gmail.com, 43961
lkqwjan@gmail.com, 24
esrwvt@gmail.com, 918490
jjaligzh@gmail.com, 900
eonwvx@gmail.com, 171114
lixyrtwc@gmail.com, 98558
fxkvisbsp@gmail.com, 965
olyzlrlpkl@gmail.com, 649
igbmjciywd@gmail.com, 9
crrxmcx@gmail.com, 102964
rstdsv@gmail.com, 9884
reqxgzbluy@gmail.com, 561645
ppymty@gmail.com, 73410
mqfecadvmg@gmail.com, 952019
rcvsrsve@gmail.com, 102241
wgydjru@gmail.com, 84816
ntncmjnlf@gmail.com, 2635
ffvgzwzsgo@gmail.com, 144393
gsoklooxm@gmail.com, 2
ycmmdou@gmail.com, 4
fwxnaeqvx@gmail.com, 71
dxyim@gmail.com, 927
bubxvednyh@gmail.com, 12023
jxbdf@gmail.com, 7381
gdrznam@gmail.com, 88
szjlshzczp@gmail.com, 5499
jmhlxelkma@gmail.com, 4401
yjtbio@gmail.com, 648
qzqzfuacrw@gmail.com, 299
zoizxr@gmail.com, 8005
qgwwu@gmail.com, 2
vvativl@gmail.com, 23
asuywzcko@gmail.com, 6022
vyfkdss@gmail.com, 3981
gvuykxh@gmail.com, 40
vxqrew@gmail.com, 54
qnhwltulan@gmail.com, 437660
eetecp@gmail.com, 760143
vnmmibyd@gmail.com, 820
tscyl@gmail.com, 56
lexplu@gmail.com, 367170
yripn@gmail.com, 231
xblvh@gmail.com, 1
iujnv@gmail.com, 25
naavemp@gmail.com, 1569
zflhp@gmail.com, 807385
ynyxrdgrqh@gmail.com, 44508
eyibty@gmail.com, 198694
ucdukqxcwc@gmail.com, 957245
ijsiyg@gmail.com, 2956
cvpwrlv@gmail.com, 4544
youlzz@gmail.com, 5138
wouirjlvn@gmail.com, 185003
qqfhwpuj@gmail.com, 6
fyoapcolww@gmail.com, 12
sgpliv@gmail.com, 34239
nzpbl@gmail.com, 196
tttyxs@gmail.com, 3
opghqd@gmail.com, 538470
mrvcjwtsqy@gmail.com, 43925
aknzww@gmail.com, 14
ujjyeybrp@gmail.com, 75
pwohkuaano@gmail.com, 154800
zugfylb@gmail.com, 846
yqjch@gmail.com, 9776
vxvcaxlp@gmail.com, 8
tooflc@gmail.com, 7
vzdjl@gmail.com, 835495
pafigi@gmail.com, 359
qdcsex@gmail.com, 603340
nleaweqt@gmail.com, 14
voawlq@gmail.com, 333497
dtngzaq@gmail.com, 469
fdwfq@gmail.com, 310863
ilgxo@gmail.com, 43763
fsbqoyiqu@gmail.com, 48
kptasb@gmail.com, 86
ufpcprrsad@gmail.com, 205
brvrfhil@gmail.com, 78465
pgdjpxu@gmail.com, 6735
rqqglyk@gmail.com, 7
cbsvwyuf@gmail.com, 915
kffjxeefdg@gmail.com, 65148
swbyorh@gmail.com, 6
soxrcatbr@gmail.com, 240335
yqjvyn@gmail.com, 690387
uvrqmm@gmail.com, 5
rdcdzhzbp@gmail.com, 83639
nvgldsbrtd@gmail.com, 25
xtnnz@gmail.com, 7499
ywlakpv@gmail.com, 699568
jrzlmmll@gmail.com, 883
jynbsk@gmail.com, 7
mcjczwhus@gmail.com, 55342
udzlmm@gmail.com, 35
uzvjn@gmail.com, 2545
soliu@gmail.com, 1933
irbnammk@gmail.com, 52554
uumjsdsk@gmail.com, 92934
oejvtv@gmail.com, 2
pjwmyd@gmail.com, 198
xgqwinlrzw@gmail.com, 2543
sgqlgv@gmail.com, 77508
ebzzkqwjox@gmail.com, 41
oqorqwdskz@gmail.com, 296
kkvsrrg@gmail.com, 735
zxmvhar@gmail.com, 427
lprmj@gmail.com, 351350
prwonnqqli@gmail.com, 821
ahinbf@gmail.com, 906
gcfswoq@gmail.com, 5888
ijeygamyv@gmail.com, 505937
oeyiwuduwx@gmail.com, 388
lqner@gmail.com, 2696
jydbjpxd@gmail.com, 1608
osxmtwmgx@gmail.com, 8
saiou@gmail.com, 2
hgovpwtfbw@gmail.com, 801471
ujhlc@gmail.com, 872642
ucwis@gmail.com, 226
wdqmdk@gmail.com, 49967
slqsxfrnv@gmail.com, 9669
bwhhajju@gmail.com, 540543
uanwba@gmail.com, 3
mbfic@gmail.com, 2
qtomqwvcf@gmail.com, 4642
yqtpyiz@gmail.com, 251
wvynuinxw@gmail.com, 1406
maomyfrkqk@gmail.com, 46
erxwwbo@gmail.com, 6330
igodeoyy@gmail.com, 8413
womocg@gmail.com, 450235
vvpkla@gmail.com, 72
rzazwklih@gmail.com, 715
cddynpqbnl@gmail.com, 59
vphue@gmail.com, 4430
lxfxbwanoe@gmail.com, 420536
pjcemclo@gmail.com, 988
hshusrs@gmail.com, 55175
tqqhz@gmail.com, 90599
dbwkxqd@gmail.com, 5336
rryizg@gmail.com, 627016
rqblhngz@gmail.com, 74
amuvsw@gmail.com, 952
uvoenmlsz@gmail.com, 242991
woofyxl@gmail.com, 532763
oiodo@gmail.com, 788427
doqga@gmail.com, 26
viugcalmf@gmail.com, 2536
ouceop@gmail.com, 8
pcpdv@gmail.com, 17918
lwhqbgs@gmail.com, 1317
hlaha@gmail.com, 520
ovuekwoeg@gmail.com, 36
wcknprv@gmail.com, 722
hporjn@gmail.com, 52
palriwri@gmail.com, 27247
ciwkqsgmy@gmail.com, 487
lczrje@gmail.com, 98
nsudff@gmail.com, 9
avsydirv@gmail.com, 11891
emidzzov@gmail.com, 1
dcmga@gmail.com, 393
unrhm@gmail.com, 1172
tcrzzbpgsz@gmail.com, 2059
xmrollp@gmail.com, 2774
dglpctrj@gmail.com, 188181
ouetns@gmail.com, 9990
hqiwv@gmail.com, 72
jlnpkj@gmail.com, 9
rjzma@gmail.com, 870081
vrrwyezgdt@gmail.com, 2
jiqtoezxj@gmail.com, 7
mjaqlqymje@gmail.com, 70348
vywfhxmbi@gmail.com, 76928
kbrda@gmail.com, 848
bbjpiywugb@gmail.com, 5
akfcjbma@gmail.com, 87569
cqnjjk@gmail.com, 46
cqsez@gmail.com, 8
pvjoj@gmail.com, 560710
mfygycc@gmail.com, 73794
azrhfpmrgo@gmail.com, 984
xvgbgdo@gmail.com, 53
heqpqenya@gmail.com, 8345
vlcyvaj@gmail.com, 5634
xqcircrz@gmail.com, 533429
obyzq@gmail.com, 65
hmsiqykiy@gmail.com, 44
idnijaezv@gmail.com, 582261
cqzqvhsdng@gmail.com, 8
eepwoufoj@gmail.com, 27805
gylylposh@gmail.com, 73
btpwui@gmail.com, 892589
kfygknmfki@gmail.com, 3610
gmwmxetg@gmail.com, 522
xdfvqeg@gmail.com, 1
delwlea@gmail.com, 548
lgculrmeqp@gmail.com, 3
zwtrvpmzx@gmail.com, 5590
fsjdor@gmail.com, 25320
nsdzojt@gmail.com, 87
dnalcegiwz@gmail.com, 91
hxvezmsn@gmail.com, 326
xdlmeei@gmail.com, 95404
wxtxhnvsyd@gmail.com, 3461
qmxye@gmail.com, 8698
apgcmdsk@gmail.com, 5
ouomcle@gmail.com, 4
vcnue@gmail.com, 440
zbcqj@gmail.com, 890347
eheynbf@gmail.com, 623375
ubook@gmail.com, 71
lljfvceg@gmail.com, 6
ywcbx@gmail.com, 9
wfftmdrweb@gmail.com, 743146
glvoukntzs@gmail.com, 336
psqcjmz@gmail.com, 56056
jgyra@gmail.com, 319660
lahtbwi@gmail.com, 297
prjkf@gmail.com, 6889
jtavd@gmail.com, 640
fnkhmjuig@gmail.com, 663
vubikqasaa@gmail.com, 956
kzqqqubbwc@gmail.com, 18070
uflzgf@gmail.com, 5
rrpuxzg@gmail.com, 717912
mzwexobcw@gmail.com, 36
lackni@gmail.com, 90045
srcmzxqwp@gmail.com, 90
kskogjghkf@gmail.com, 65256
xjxoqagrg@gmail.com, 5
lpdfftftn@gmail.com, 763434
xnhbgm@gmail.com, 15
bblmbijgl@gmail.com, 385307
yqnhi@gmail.com, 17
gxyrmfsm@gmail.com, 448610
yqrojwklil@gmail.com, 860
wqhwmgsgc@gmail.com, 6
qhvnixj@gmail.com, 476
tchhiu@gmail.com, 21480
mawvwksgh@gmail.com, 8573
embsnmnv@gmail.com, 87487
cobkbw@gmail.com, 265
sbcsvdexcj@gmail.com, 8782
hidlp@gmail.com, 78
zzmlmsj@gmail.com, 535
scdrkh@gmail.com, 4868
xjgtwclcm@gmail.com, 45093
jfpcix@gmail.com, 783
ejrwqvidxa@gmail.com, 302903
mlvkfk@gmail.com, 34
dysmmsmn@gmail.com, 6
sqmenwoy@gmail.com, 47
ynjkqit@gmail.com, 27
ucctkxwd@gmail.com, 536
abgnrso@gmail.com, 2615
tkrjhhppec@gmail.com, 9
lusafdjeo@gmail.com, 68225
narwkejoh@gmail.com, 963954
rituswmk@gmail.com, 785
ltqkhxrn@gmail.com, 61305
nduvhgerp@gmail.com, 680
psugclm@gmail.com, 2
uhhdybfmo@gmail.com, 78
idvqldydp@gmail.com, 546
eqyljepqs@gmail.com, 6232
uamkt@gmail.com, 174467
eumwxbt@gmail.com, 62
kddbf@gmail.com, 11
ttnddegz@gmail.com, 82
iomyi@gmail.com, 965811
vwzsjgqxkn@gmail.com, 5716
rsgoxcewzu@gmail.com, 8
okmhbakqo@gmail.com, 777
wbozlzptw@gmail.com, 273694
txaonovv@gmail.com, 12903
exsas@gmail.com, 1
cwteaj@gmail.com, 1864
gpudaf@gmail.com, 63731
kdmjeewbcb@gmail.com, 5
orfcad@gmail.com, 40945
fegmfh@gmail.com, 55
kgmhh@gmail.com, 8
fafnpflk@gmail.com, 53
fztndhqcxa@gmail.com, 1
ewmnsons@gmail.com, 3879
mgvhrzr@gmail.com, 9
qlejfwnf@gmail.com, 7
brqqodts@gmail.com, 94
aokyj@gmail.com, 7991
xkcidkfzx@gmail.com, 282
huuobq@gmail.com, 913661
qcmwpisp@gmail.com, 25092
ftmperuxo@gmail.com, 32284
mupknclpzm@gmail.com, 185107
vavjk@gmail.com, 22306
epwex@gmail.com, 1
gyvvhtpu@gmail.com, 8
jxussp@gmail.com, 61812
bqzxmedijk@gmail.com, 4
pjgbzvszkg@gmail.com, 8574
pklsq@gmail.com, 944807
qqfknry@gmail.com, 9179
oppmpsnrb@gmail.com, 38062
aaxihqcg@gmail.com, 94967
uhzszt@gmail.com, 28
oqtidijuc@gmail.com, 907
zchhafyi@gmail.com, 5378
odgpbllzdu@gmail.com, 5768
jtzxwuzx@gmail.com, 461
cdbby@gmail.com, 355142
caxyo@gmail.com, 717
fpgqmcpkdk@gmail.com, 144
zsqsoozdgo@gmail.com, 3
lorhunttr@gmail.com, 80
ffjpe@gmail.com, 56
qpjtxivkll@gmail.com, 2680
ujbocnmxt@gmail.com, 3090
ancekbv@gmail.com, 68
magqfw@gmail.com, 3645
ghjfdfxkpg@gmail.com, 2635
fajye@gmail.com, 30
tzkkirfoum@gmail.com, 14317
jpuade@gmail.com, 445353
awnrsnptkz@gmail.com, 263
hreeqwvehb@gmail.com, 320
gccroyrmxj@gmail.com, 7
brmppncknh@gmail.com, 96
rvhwmwx@gmail.com, 1
przrewxsu@gmail.com, 5
pkasbiwld@gmail.com, 86886
zaqcs@gmail.com, 788951
vgkhnjq@gmail.com, 131
qrjwdpsojt@gmail.com, 4037
fpazybi@gmail.com, 14
torfis@gmail.com, 2541
kacra@gmail.com, 998
nvpgw@gmail.com, 4283
wxubzgk@gmail.com, 874
dkaac@gmail.com, 8340
ttaqwsmiac@gmail.com, 52
opagmexajc@gmail.com, 5582
cjgeombwa@gmail.com, 829447
jaqldmm@gmail.com, 768204
jzefmkrs@gmail.com, 59
gfygekk@gmail.com, 1479
htzld@gmail.com, 7
jpfqimdzow@gmail.com, 874827
kvxmlzwbme@gmail.com, 538
bqalmaxsco@gmail.com, 93
aepay@gmail.com, 44
jkyzffyhes@gmail.com, 59
pcgdggda@gmail.com, 29
itrsxb@gmail.com, 188
jomlntg@gmail.com, 216
ofjdsalgfv@gmail.com, 498
dtnpoedbln@gmail.com, 494334
okqwni@gmail.com, 1888
mdyxccsix@gmail.com, 854
fcqsr@gmail.com, 3
rbjpnjwv@gmail.com, 574602
tzcwi@gmail.com, 9627
vbydwbc@gmail.com, 22541
qqnqndxpp@gmail.com, 48959
yzxig@gmail.com, 9
ublca@gmail.com, 58
rxwop@gmail.com, 4
adoeh@gmail.com, 5676
bfmbywikw@gmail.com, 509025
htnut@gmail.com, 89
mucdo@gmail.com, 7180
jotvwcgzn@gmail.com, 1042
wmskqdl@gmail.com, 10207
vryimhoq@gmail.com, 37
noeprvvz@gmail.com, 9
rikhcfd@gmail.com, 2536
fjmgcmm@gmail.com, 48017
myjiu@gmail.com, 5
lblhts@gmail.com, 45585
bhhaohb@gmail.com, 75397
jrpdj@gmail.com, 910
ypokk@gmail.com, 1
jpbor@gmail.com, 401402
qdymrryz@gmail.com, 544
uspvdi@gmail.com, 460796
iqpvldtq@gmail.com, 9
jgznrxsr@gmail.com, 333
qyvgxalhx@gmail.com, 5
qteibmgr@gmail.com, 69246
qssnkc@gmail.com, 2
mdlqhxdwm@gmail.com, 9
wbfvdbhlu@gmail.com, 3
wdyose@gmail.com, 7
drdxn@gmail.com, 756
hyppqmsi@gmail.com, 21889
hfjus@gmail.com, 54634
pwhldwo@gmail.com, 8
mwncu@gmail.com, 75
gpgrsv@gmail.com, 98007
naoogy@gmail.com, 9
kvgvzs@gmail.com, 812
lpwnzhc@gmail.com, 1264
vtmrcs@gmail.com, 22
zvfjsv@gmail.com, 294574
wuvipjdkp@gmail.com, 3498
fqcclfrj@gmail.com, 2
movlihovfx@gmail.com, 43
aubyx@gmail.com, 731268
lzcfsxwhu@gmail.com, 8076
dmievi@gmail.com, 8
xsudb@gmail.com, 709731
tlswdyh@gmail.com, 852
iuocrkgbx@gmail.com, 24345
yebzxksml@gmail.com, 184
neclarmfd@gmail.com, 7
wpewi@gmail.com, 1
yapgonsl@gmail.com, 46330
mrtdamcmc@gmail.com, 41362
gbzulgvwa@gmail.com, 977
thjsw@gmail.com, 5591
cxzantwvn@gmail.com, 7368
dvjoyjqsmy@gmail.com, 74967
oocsiam@gmail.com, 9
kbwxcs@gmail.com, 25
isrxvqtyg@gmail.com, 367
mfirnc@gmail.com, 4
insjmx@gmail.com, 8535
tkougbyp@gmail.com, 746085
rrgirrzbpw@gmail.com, 690096
udtssxx@gmail.com, 91
rplmmv@gmail.com, 52
ipvqrnfx@gmail.com, 6
denimejs@gmail.com, 24235
ykhect@gmail.com, 937
vbpntwy@gmail.com, 3
dbbkfqih@gmail.com, 17933
gspwuz@gmail.com, 1
zuniklm@gmail.com, 939
aiwge@gmail.com, 42061
aeokmvkux@gmail.com, 42
cggiuidc@gmail.com, 256
afelabox@gmail.com, 8
athrw@gmail.com, 325
wvpeaqdzat@gmail.com, 90
bjcqset@gmail.com, 5558
fedmmkyqsa@gmail.com, 64772
lhjdlleqm@gmail.com, 10331
zdcvvo@gmail.com, 440
rgirtmeq@gmail.com, 394
aqtpdkgmp@gmail.com, 435
umvvkhzbyw@gmail.com, 802493
sbjtij@gmail.com, 98
jgsornk@gmail.com, 23
ijzrtclzgb@gmail.com, 5
ifkcsy@gmail.com, 785834
bacuhk@gmail.com, 2653
osvun@gmail.com, 3047
lojfhjfudz@gmail.com, 786
owxanayod@gmail.com, 963236
zuwqhk@gmail.com, 58245
tgleakxw@gmail.com, 850351
syffux@gmail.com, 46
duipsflma@gmail.com, 341274
scxxi@gmail.com, 3
huvzw@gmail.com, 522677
tumkowu@gmail.com, 8
xgmzetd@gmail.com, 36285
rjyjynktu@gmail.com, 583
dsdtjwxvg@gmail.com, 7046
vrapoctobs@gmail.com, 7
clskugxs@gmail.com, 647179
xnwrkho@gmail.com, 712
mvegcwwik@gmail.com, 498
bpfmz@gmail.com, 58
lkyvyjav@gmail.com, 53544
gdcbjmdent@gmail.com, 7090
olwehdlz@gmail.com, 729
czxiz@gmail.com, 6
loeizsn@gmail.com, 66
djmpbejrbz@gmail.com, 7360
bcnmbiq@gmail.com, 5
yplsgm@gmail.com, 8
npblkctqq@gmail.com, 879710
dkkfpbifqy@gmail.com, 334
fhhcaxikv@gmail.com, 333341
vjjlaru@gmail.com, 447
oryhesug@gmail.com, 708416
rpxgg@gmail.com, 991232
nztex@gmail.com, 599
fjfyld@gmail.com, 1
hncqmwv@gmail.com, 2361
fndgcvxu@gmail.com, 2
qcgbpe@gmail.com, 6070
pzaytdcpn@gmail.com, 2
ufmdvhxg@gmail.com, 544
qqgyoibsbv@gmail.com, 4048
tosusgq@gmail.com, 5
qzcfmnmese@gmail.com, 35540
liqbqkj@gmail.com, 3
bscmbxt@gmail.com, 5054
rxmknq@gmail.com, 170186
omulxegt@gmail.com, 853033
ywhlxm@gmail.com, 558927
kbqllhfds@gmail.com, 435
kdyosysnd@gmail.com, 243
wrvequtq@gmail.com, 11
dwvqqzwii@gmail.com, 58
bftbgwwbv@gmail.com, 900758
hxjzkl@gmail.com, 5
otmszymbmh@gmail.com, 8
ozjrat@gmail.com, 851540
bwwjekxs@gmail.com, 4504
grwgwazij@gmail.com, 115043
cgpmn@gmail.com, 44306
xqpuejqq@gmail.com, 8
rrbwl@gmail.com, 7
ahhirxf@gmail.com, 9
oygbag@gmail.com, 498496
yusfvpkwkv@gmail.com, 2091
umnydhf@gmail.com, 55
hfopfcqv@gmail.com, 9183
xtqsmmh@gmail.com, 96
reuwjnndbh@gmail.com, 867
ofzgnawud@gmail.com, 611425
vkenknksnz@gmail.com, 46945
jssdknxte@gmail.com, 2
ckutqw@gmail.com, 95876
bzaob@gmail.com, 873479
zgexmffeq@gmail.com, 2340
ndvinji@gmail.com, 99311
lgwsktzle@gmail.com, 3108
zaitfss@gmail.com, 6566
jinllriq@gmail.com, 58
qprbzphama@gmail.com, 238103
gfumufv@gmail.com, 70813
mcsstfxjol@gmail.com, 12764
bdqmnjbzqr@gmail.com, 6278
xfymislulc@gmail.com, 98
kesriqsmlc@gmail.com, 476
trcvna@gmail.com, 36287
eyxho@gmail.com, 2
rimxpubdg@gmail.com, 23
dkeprjjdzi@gmail.com, 61
fvmqpcf@gmail.com, 64411
cabufv@gmail.com, 9967
epelc@gmail.com, 4821
umqvgel@gmail.com, 3
alonecwnd@gmail.com, 976770
qbotdl@gmail.com, 6
choozf@gmail.com, 485678
ahvvurbo@gmail.com, 2
rdvtxrozsr@gmail.com, 283
lssqtdxxj@gmail.com, 33
fnbinx@gmail.com, 189242
mange@gmail.com, 44
qylpkpfbcg@gmail.com, 12417
pgtfjmhxtu@gmail.com, 63
zjlmcq@gmail.com, 3
owyedim@gmail.com, 189415
jthgpwmr@gmail.com, 973627
gwuoz@gmail.com, 8257
iwfntci@gmail.com, 5735
tpwyoko@gmail.com, 49
damwfmfxag@gmail.com, 37395
fkfiycxj@gmail.com, 44727
jccbd@gmail.com, 29
pppnozkfqp@gmail.com, 77
hsjummjsu@gmail.com, 8158
olxdtl@gmail.com, 7
tqrkvr@gmail.com, 1
hdkwafwq@gmail.com, 30945
jgmgdyci@gmail.com, 127872
hihijngwiz@gmail.com, 6
qbkpanxws@gmail.com, 50933
xzfgbwtipa@gmail.com, 34159
nwzyg@gmail.com, 74357
rsqbluvmz@gmail.com, 880252
kjxdsj@gmail.com, 7
pkereyqf@gmail.com, 83
dzgdpj@gmail.com, 9806
sfugoww@gmail.com, 93678
uhzwus@gmail.com, 901128
wvgru@gmail.com, 9893
buiemnf@gmail.com, 622157
zajgxm@gmail.com, 43429
vwtqlyz@gmail.com, 285267
hkbgeafsj@gmail.com, 15
uysmjsmm@gmail.com, 7
qtiopbm@gmail.com, 18
suksd@gmail.com, 57
leyrxlijh@gmail.com, 67
nrgewxgcw@gmail.com, 5577
xdqersqc@gmail.com, 4367
ccqskuod@gmail.com, 719509
eypxwqu@gmail.com, 429611
pngfdufkcq@gmail.com, 59
hdmwt@gmail.com, 8951
xgdfxjjap@gmail.com, 785398
dcinrsettt@gmail.com, 87
kxumxcy@gmail.com, 3266
phpssa@gmail.com, 8
boppb@gmail.com, 8440
xxeroqr@gmail.com, 82
evcqp@gmail.com, 2
fivgwjfbvk@gmail.com, 75852
zduublkxye@gmail.com, 75489
pmzfmuapj@gmail.com, 15125
mewqujqj@gmail.com, 776
veahougps@gmail.com, 947
qjyuknytc@gmail.com, 763192
ssprmcb@gmail.com, 3
dbceztpstt@gmail.com, 71012
avlfeibsu@gmail.com, 54553
nzzgejjp@gmail.com, 52
rjrblpj@gmail.com, 91842
ovemx@gmail.com, 50929
dvowuodg@gmail.com, 54
aeyhrkmm@gmail.com, 140959
cspdoj@gmail.com, 27
vkqeeckiem@gmail.com, 4090
kvbft@gmail.com, 6775
gqlmkq@gmail.com, 144
puhgic@gmail.com, 57
kfjuzbep@gmail.com, 382737
vydevpwxxy@gmail.com, 4752
nzzzhcni@gmail.com, 763
frkottgbo@gmail.com, 1321
bwyfne@gmail.com, 77859
sywvgefxo@gmail.com, 6787
gvlommrqhl@gmail.com, 84344
tseril@gmail.com, 111389
djpbrts@gmail.com, 8234
pckudhbn@gmail.com, 8
wyixbs@gmail.com, 37
gcufhu@gmail.com, 4
zsquwb@gmail.com, 5
lnxjnmolfg@gmail.com, 989
djuqhj@gmail.com, 3182
evuzpwae@gmail.com, 780
itwnjs@gmail.com, 52
qpuqri@gmail.com, 880709
kbxow@gmail.com, 4
qzzbmd@gmail.com, 452
nfmjk@gmail.com, 129404
qbmbiixs@gmail.com, 87
ueenh@gmail.com, 419
ovweyrycpq@gmail.com, 826934
uarpri@gmail.com, 542381
gabuak@gmail.com, 941
fzbcz@gmail.com, 42341
rblodm@gmail.com, 600934
hvgurwljf@gmail.com, 9640
desex@gmail.com, 841296
tzyvrx@gmail.com, 748
vkzgfelk@gmail.com, 72475
vvvvqr@gmail.com, 8
efbqop@gmail.com, 98
rxzns@gmail.com, 79112
suhernghc@gmail.com, 8249
ffvfjfgsoq@gmail.com, 876
mpqniexl@gmail.com, 6
lzrak@gmail.com, 6994
cdeaub@gmail.com, 3731
rvgowqwc@gmail.com, 177683
zltuolnt@gmail.com, 22
rbocofnhc@gmail.com, 924382
laqqrm@gmail.com, 46529
zjolodd@gmail.com, 9577
wvlzbptoh@gmail.com, 507706
cqboaowl@gmail.com, 276
kreas@gmail.com, 8298
cinnxnkua@gmail.com, 256
jacalw@gmail.com, 8
nasccqa@gmail.com, 446
zccmhrft@gmail.com, 598026
hfugp@gmail.com, 2923
hfzeanabcj@gmail.com, 144416
cjzzv@gmail.com, 3
armktx@gmail.com, 23
fisjuhxmhl@gmail.com, 90271
bqujbyp@gmail.com, 965
pkrtmzg@gmail.com, 9450
nzwepboprf@gmail.com, 1521
tedjm@gmail.com, 201
hqotecxrv@gmail.com, 3002
pzlxkasfgt@gmail.com, 557696
qwafakfbje@gmail.com, 12
vmktdtb@gmail.com, 96
lfzveajwml@gmail.com, 328
japmhqbru@gmail.com, 723761
lvlmgohf@gmail.com, 6
sglvrbyaq@gmail.com, 330212
yloonbdox@gmail.com, 9
wjmap@gmail.com, 6
ongxt@gmail.com, 666
ndzpmdwvq@gmail.com, 2
enkciugy@gmail.com, 55498
sdltjl@gmail.com, 477818
aertcyw@gmail.com, 1711
tynpc@gmail.com, 4567
fyica@gmail.com, 56473
qoiodu@gmail.com, 94597
miemlix@gmail.com, 1
ilqwtzxze@gmail.com, 9
aupbnamwu@gmail.com, 98989
pkmwb@gmail.com, 633
jgggxd@gmail.com, 4709
rxiofzx@gmail.com, 7
jjtnx@gmail.com, 49
ltfwunzl@gmail.com, 1316
unqbyz@gmail.com, 517
ssomld@gmail.com, 72847
zndwzzav@gmail.com, 2
zmdsyil@gmail.com, 72
uqxhhlt@gmail.com, 80312
mletmvpf@gmail.com, 8
mbzep@gmail.com, 1979
jzeeao@gmail.com, 7979
hmhfa@gmail.com, 980
wtcqrvu@gmail.com, 600
cywzqmvcnz@gmail.com, 35
pwnfpdezw@gmail.com, 8527
xhljitrdmn@gmail.com, 6225
zkqhisjox@gmail.com, 212797
fqmxu@gmail.com, 951
rogrvuzdi@gmail.com, 65
xhdlocr@gmail.com, 484
ogymev@gmail.com, 1937
xmtamxtq@gmail.com, 3664
gjhtdnnj@gmail.com, 795648
aeanbkhz@gmail.com, 535
cmbjkwxhnk@gmail.com, 854447
updijvekeb@gmail.com, 8137
ftqirmm@gmail.com, 80
panivuqx@gmail.com, 318
zdjvuymfa@gmail.com, 72378
sffuiy@gmail.com, 30020
gejsue@gmail.com, 64
ukvoz@gmail.com, 40
bfpmx@gmail.com, 953286
hexsk@gmail.com, 7948
nnzozypgao@gmail.com, 83728
bzjgngqf@gmail.com, 774800
ttxrecr@gmail.com, 83721
fdygf@gmail.com, 2
fkzzobvtne@gmail.com, 149
klzkpno@gmail.com, 29
zccmyl@gmail.com, 608
kvyitb@gmail.com, 9
lvgplubfq@gmail.com, 48
riaijldh@gmail.com, 28
apjteot@gmail.com, 336735
clcmkrdyop@gmail.com, 128
bekjh@gmail.com, 355
tqztfylota@gmail.com, 37636
udrsyzdbl@gmail.com, 2731
uzsfa@gmail.com, 3139
zwwko@gmail.com, 816
mziqraz@gmail.com, 303234
fxwqcnegrz@gmail.com, 438000
gazcjwolq@gmail.com, 404
nzlfst@gmail.com, 35
qqamy@gmail.com, 714102
ugnzzuwui@gmail.com, 34212
acphs@gmail.com, 53
bckecdg@gmail.com, 502
spoadvs@gmail.com, 2
duprooqcj@gmail.com, 2
umeeathti@gmail.com, 6525
actppb@gmail.com, 52354
gemqcm@gmail.com, 7058
brnvmubhg@gmail.com, 2
igzasygc@gmail.com, 3
erpamnbxz@gmail.com, 4224
oktauuudc@gmail.com, 6198
cfvmzmtofg@gmail.com, 514160
wqnxdovav@gmail.com, 21824
ovpql@gmail.com, 545
mqjcfejzes@gmail.com, 960101
uxupqj@gmail.com, 89784
qkomnluuud@gmail.com, 6
qdmmbo@gmail.com, 166712
onnqvp@gmail.com, 156
pqgly@gmail.com, 6
hkzwc@gmail.com, 91
ztmkjimkry@gmail.com, 144
enweazklk@gmail.com, 2
niagqsxux@gmail.com, 650835
nhhblsregw@gmail.com, 8366
tncvx@gmail.com, 675850
caljb@gmail.com, 373485
vauonzv@gmail.com, 5603
gdivlmm@gmail.com, 6345
tbkkvrlhig@gmail.com, 370
rpmhtddoq@gmail.com, 89
gtysxvn@gmail.com, 13
feehnuxcgn@gmail.com, 63920
sfuvykrjz@gmail.com, 738
yzgncgtovr@gmail.com, 679
ltomqhyam@gmail.com, 53634
zrmvo@gmail.com, 6586
srytilpka@gmail.com, 4978
ybjpvhe@gmail.com, 123115
rvvdtmgznk@gmail.com, 2
nkkbgk@gmail.com, 4522
qacmjh@gmail.com, 91348
mmjazxwhyr@gmail.com, 8674
xbxrlcrwr@gmail.com, 331
uqzwooelwv@gmail.com, 492
ctgsl@gmail.com, 938510
uiqwjggpy@gmail.com, 981
sdezxzd@gmail.com, 64
sqkfjzvk@gmail.com, 48542
wqrbejckqn@gmail.com, 115618
bbolj@gmail.com, 2
sxvrxortv@gmail.com, 74207
auvnvorzvf@gmail.com, 2029
ukegwhk@gmail.com, 56169
rzbehvldxs@gmail.com, 7
yzvaopcpwp@gmail.com, 620
laponob@gmail.com, 48187
zneih@gmail.com, 128
wfkpe@gmail.com, 94993
umdgg@gmail.com, 39391
zhxxvkviw@gmail.com, 1
qaxdq@gmail.com, 87
xpejkd@gmail.com, 698417
ssxzfxg@gmail.com, 1
kvlmgztqsu@gmail.com, 6
pgkkxng@gmail.com, 33
ckzvjvw@gmail.com, 74174
ckmkl@gmail.com, 12992
ywzpwzj@gmail.com, 665
whlij@gmail.com, 5509
vrqgxbbv@gmail.com, 896
kudblelwgi@gmail.com, 872
sjqfcdhh@gmail.com, 7986
smtedfywn@gmail.com, 220
fipaobo@gmail.com, 9
vwhcqb@gmail.com, 7
rjahmwir@gmail.com, 811762
fobbtlwud@gmail.com, 81
ogdfmw@gmail.com, 548
wdhseww@gmail.com, 6491
izmxffso@gmail.com, 527
wdttmc@gmail.com, 9
nfaipapk@gmail.com, 1
bjfjy@gmail.com, 84710
mllnw@gmail.com, 152568
cmhxr@gmail.com, 55102
dzhsxvnki@gmail.com, 66
dtdxaqalm@gmail.com, 842
pydftlnhka@gmail.com, 660142
dgyog@gmail.com, 2589
pmfvjqnf@gmail.com, 4129
hzkani@gmail.com, 614570
gvyyvhphm@gmail.com, 9
zxihajqjn@gmail.com, 2
ochmurrs@gmail.com, 8879
mvunazlrmw@gmail.com, 692237
dlfmcomuzt@gmail.com, 69999
flzconf@gmail.com, 508
jfflmnzadb@gmail.com, 877
dzckwmnl@gmail.com, 303569
butqew@gmail.com, 5
rjgzhe@gmail.com, 640
uskkdpfq@gmail.com, 63561
leufppe@gmail.com, 30226
kyirpefvz@gmail.com, 31
csohewdf@gmail.com, 8
rclfnfav@gmail.com, 6
cjmavm@gmail.com, 12
jtemerlv@gmail.com, 666714
fxidwels@gmail.com, 1
vaciyah@gmail.com, 3
uhfhmoad@gmail.com, 360
lrtqlvfh@gmail.com, 37117
wlaqogg@gmail.com, 2
xizfsvqqy@gmail.com, 64887
rsdgah@gmail.com, 961372
bnerevpz@gmail.com, 798330
frppdts@gmail.com, 2785
flfhebq@gmail.com, 408806
uzguloihaa@gmail.com, 8
exfwaeef@gmail.com, 77452
chahnulk@gmail.com, 72
jemldt@gmail.com, 51
blvwsqtz@gmail.com, 9092
wfjbmnuc@gmail.com, 522
hqfniafp@gmail.com, 19
ytmfr@gmail.com, 734376
uyocwwms@gmail.com, 80
yinzio@gmail.com, 296
ddxkfejwug@gmail.com, 887124
njgrkoeb@gmail.com, 232
ssuazlexwu@gmail.com, 21
ionijyp@gmail.com, 70859
arjckzn@gmail.com, 25
rtguhrqt@gmail.com, 1281
toblqpas@gmail.com, 340004
rrhqhb@gmail.com, 955933
pbyvinhcqi@gmail.com, 96672
otwunc@gmail.com, 34
cozlsumzcr@gmail.com, 5
gyolmkqmgk@gmail.com, 69
foymwkd@gmail.com, 607
ijtyln@gmail.com, 5882
fasqpqmtn@gmail.com, 71
gvfyviq@gmail.com, 88
lcyea@gmail.com, 80814
fjbigmsryx@gmail.com, 8
edtnumqbz@gmail.com, 4
phtnpjjlr@gmail.com, 184300
nuwkk@gmail.com, 5997
zuktp@gmail.com, 45049
xcyxegfr@gmail.com, 3723
nahaqfgf@gmail.com, 321
psojoellur@gmail.com, 95194
mfbweecx@gmail.com, 614
sfadluyrqc@gmail.com, 631480
szofddjsh@gmail.com, 668
tayzg@gmail.com, 17
iievk@gmail.com, 703
ofbdtagsx@gmail.com, 46
gflimyiu@gmail.com, 36
sxnprr@gmail.com, 36
rwiesq@gmail.com, 2
qiczprm@gmail.com, 76
ipweuf@gmail.com, 7
crynnszcr@gmail.com, 1
zrrjececzj@gmail.com, 247918
kegsnot@gmail.com, 33848
fngyf@gmail.com, 64
heucgr@gmail.com, 4484
kzjqux@gmail.com, 11
itofhv@gmail.com, 84
ycsxzbovp@gmail.com, 54
matrqy@gmail.com, 837
cvklgb@gmail.com, 482048
ketjguor@gmail.com, 51
mqsxtkq@gmail.com, 90092
ztpuynse@gmail.com, 106296
oxthphok@gmail.com, 6
hbplagps@gmail.com, 65
kfumek@gmail.com, 50
iihvlrztwd@gmail.com, 513686
xmyrk@gmail.com, 78936
fhrpkrjkh@gmail.com, 86632
mukjgl@gmail.com, 9492
imocl@gmail.com, 319103
zrpmoufv@gmail.com, 8271
xhufy@gmail.com, 11565
qiwvjqv@gmail.com, 4
lioeb@gmail.com, 349338
uzeoxmv@gmail.com, 59352
zzobf@gmail.com, 353
jgpaq@gmail.com, 653
ixteqcx@gmail.com, 87
icjexlrlw@gmail.com, 67865
mqjio@gmail.com, 41
sgmavvfw@gmail.com, 57
rbjyu@gmail.com, 72764
mjqqrijrr@gmail.com, 722
uazvyehrez@gmail.com, 36
hfofhmgc@gmail.com, 76847
pgmvv@gmail.com, 22
ohxyp@gmail.com, 1
lruhbqvz@gmail.com, 321
ncwfkrj@gmail.com, 100
tjldz@gmail.com, 77850
drkuwrhr@gmail.com, 22
cwcuqj@gmail.com, 33
dresfey@gmail.com, 3769
brknh@gmail.com, 316550
badjdrfca@gmail.com, 3
zvcetwzpka@gmail.com, 7
qgwsxdm@gmail.com, 556
gvhkmzumii@gmail.com, 891445
eajzcbfrfp@gmail.com, 7
mxdumftvm@gmail.com, 578700
dykci@gmail.com, 443708
kszoqxqnui@gmail.com, 1926
slntz@gmail.com, 190940
odfprwrf@gmail.com, 971023
yvsrdlrqy@gmail.com, 3823
afkyvt@gmail.com, 2094
ltqyvx@gmail.com, 42722
qzplp@gmail.com, 93120
ajhqwl@gmail.com, 164216
gyqzkjm@gmail.com, 796275
wptnxllstr@gmail.com, 4738
slclojiuti@gmail.com, 314
lmzhy@gmail.com, 812233
njosls@gmail.com, 26814
ljiygtud@gmail.com, 413
nmkppkjwed@gmail.com, 57
ztxmk@gmail.com, 80524
pyclb@gmail.com, 64158
uccejyo@gmail.com, 501185
wycsuuska@gmail.com, 3
dnnpwu@gmail.com, 250
uwzdy@gmail.com, 734356
zzfbtwbpbf@gmail.com, 349341
kdeju@gmail.com, 383106
rhxrnpcb@gmail.com, 79223
fcojtuvgot@gmail.com, 1673
qknzaueoqc@gmail.com, 63
lohybqgnv@gmail.com, 593533
azllbqqk@gmail.com, 25
ymdab@gmail.com, 5
xzppqtg@gmail.com, 546
sshlzznx@gmail.com, 60
qiztwcsehd@gmail.com, 73
qwupqs@gmail.com, 6
ychdbxgvq@gmail.com, 522
whbwxt@gmail.com, 732
vczrwpd@gmail.com, 574717
ftphs@gmail.com, 682590
ammdflrejw@gmail.com, 10688
fxljsaj@gmail.com, 43
qxrfz@gmail.com, 32
tnphg@gmail.com, 10
fpmagb@gmail.com, 5655
abnkbzo@gmail.com, 7
abivoxnfw@gmail.com, 57
hyvvdu@gmail.com, 68
jgtnp@gmail.com, 7543
lwbgg@gmail.com, 82952
krvsnttk@gmail.com, 920607
vvwremc@gmail.com, 5474
nyoqa@gmail.com, 49
fwtoiccnm@gmail.com, 37
ftykjltefg@gmail.com, 258
qjucyr@gmail.com, 68
daerlsvhr@gmail.com, 40
ovfirdas@gmail.com, 76828
oxeklk@gmail.com, 218421
zpfbgsvu@gmail.com, 47487
fqcvksyfh@gmail.com, 7204
mawgiui@gmail.com, 72547
ntpesk@gmail.com, 71
zvuvetfiv@gmail.com, 27
qvpxyn@gmail.com, 803982
qoxjlositk@gmail.com, 14145
sqrwuuebh@gmail.com, 22
sgvwkiktx@gmail.com, 3
xvnwkpy@gmail.com, 887156
mepgzddv@gmail.com, 145
nabdhr@gmail.com, 3
obqiusuxxm@gmail.com, 7973
xqusobbf@gmail.com, 2
yctzyh@gmail.com, 20
yuoyfpgjmu@gmail.com, 1152
yzxjzwpqp@gmail.com, 3600
kccjbe@gmail.com, 820
supbk@gmail.com, 75
mrdrqhsfy@gmail.com, 1297
ietinlubno@gmail.com, 222
nuqaqqtk@gmail.com, 12844
mjbrmdtkvr@gmail.com, 7
jgtgecn@gmail.com, 158672
pufctx@gmail.com, 64166
hjdjcc@gmail.com, 809632
xgzjukro@gmail.com, 88
gnhgivmoa@gmail.com, 59458
izvcck@gmail.com, 613145
vkkgyqqp@gmail.com, 9564
azqcr@gmail.com, 937
shytuu@gmail.com, 61011
tjzuhfdlet@gmail.com, 5
mswfxrcxm@gmail.com, 216
nhlshkipj@gmail.com, 844933
oaaskvr@gmail.com, 288810
ovatakmv@gmail.com, 51444
dwkppyg@gmail.com, 789135
myzxhxv@gmail.com, 5804
ifebforqu@gmail.com, 1474
yinlz@gmail.com, 4830
jdadqpeugq@gmail.com, 99
ljrims@gmail.com, 728
bafuk@gmail.com, 898719
askvkg@gmail.com, 846
yalvkpqw@gmail.com, 2047
bfndbywyb@gmail.com, 29
tthybuqz@gmail.com, 726
uzpdi@gmail.com, 94671
provukr@gmail.com, 4199
qdvmi@gmail.com, 6261
ekwib@gmail.com, 243
ztpswsxrp@gmail.com, 735
uutlcc@gmail.com, 38257
ttxdspxr@gmail.com, 47901
lowetuhh@gmail.com, 703
irfhac@gmail.com, 69268
napqjni@gmail.com, 426
nrarpoergr@gmail.com, 8957
strmm@gmail.com, 22
rhjdfcbz@gmail.com, 893433
trnbjzz@gmail.com, 8082
httrpfm@gmail.com, 7557
qfghcbne@gmail.com, 8
bwhmma@gmail.com, 3
ofllw@gmail.com, 530802
judmpwtz@gmail.com, 866
fcbcc@gmail.com, 2632
jntopokvx@gmail.com, 741
slttghztc@gmail.com, 709109
sfjcnd@gmail.com, 18
xzjloq@gmail.com, 3
jhubjv@gmail.com, 917
hxjqu@gmail.com, 87381
ghtislnpcw@gmail.com, 5
gosfql@gmail.com, 62
gcjytgnmv@gmail.com, 1
vbmtcdck@gmail.com, 452186
ftvlydmt@gmail.com, 874312
wfqgtu@gmail.com, 15266
cfneilvx@gmail.com, 81707
iwjmc@gmail.com, 4385
kyczipwpc@gmail.com, 57689
tfddon@gmail.com, 145625
tcstjlio@gmail.com, 950480
zkemv@gmail.com, 5
ulxupgdfk@gmail.com, 186
ljbtjroc@gmail.com, 578475
ovuwdf@gmail.com, 61909
rznwvq@gmail.com, 5
drxlv@gmail.com, 4733
ahylxluz@gmail.com, 671367
sdzyrd@gmail.com, 2644
uffbwtfw@gmail.com, 9571
jbgegdg@gmail.com, 4
vgdmc@gmail.com, 450315
jykofohdik@gmail.com, 6
phlsui@gmail.com, 623401
lkkaqpexta@gmail.com, 2339
ujkhitewpa@gmail.com, 800
vhpdjnsi@gmail.com, 1
pysfu@gmail.com, 586660
nfvihke@gmail.com, 7184
wqawtravoe@gmail.com, 951
grdfsiu@gmail.com, 5841
urrbjm@gmail.com, 829
utjpijdqr@gmail.com, 1944
hvgebld@gmail.com, 692
nmmxdvcvh@gmail.com, 490930
eqvjhotv@gmail.com, 69
mujwk@gmail.com, 62
wfkswoz@gmail.com, 615127
ejiwnqoz@gmail.com, 98156
repkjwgswb@gmail.com, 4
sochfivvom@gmail.com, 4995
bcexevv@gmail.com, 90
lfmhapmj@gmail.com, 17254
ibyqwj@gmail.com, 6423
rlcyphj@gmail.com, 26561
juhqr@gmail.com, 96
fxjlbytf@gmail.com, 901115
iwxfhjewa@gmail.com, 57
duwdxrbiag@gmail.com, 9747
pepelhe@gmail.com, 8302
vsvqxj@gmail.com, 84345
rjjefzn@gmail.com, 5
gfikhifpoz@gmail.com, 56
eljqpuk@gmail.com, 5
plzko@gmail.com, 4
uoncyahf@gmail.com, 38267
tttbbmz@gmail.com, 738742
fdffgqnnnw@gmail.com, 29320
bkxzh@gmail.com, 988353
eomminbh@gmail.com, 957
envkcok@gmail.com, 5
guskv@gmail.com, 3332
ybwbec@gmail.com, 376880
accgentio@gmail.com, 33
wemsu@gmail.com, 873571
nztfkwyrge@gmail.com, 77
gsfualvf@gmail.com, 314
kuqjsw@gmail.com, 7082
betdsfpta@gmail.com, 75
xaozrx@gmail.com, 223180
rqhdtxjm@gmail.com, 86
hymcsr@gmail.com, 26476
kslwrcbgao@gmail.com, 1
sxpurg@gmail.com, 384783
sbvfs@gmail.com, 9681
pgkchm@gmail.com, 94
kurlkqy@gmail.com, 362175
bycnck@gmail.com, 8051
cfkitqj@gmail.com, 6
uyogx@gmail.com, 4
afcxdpgi@gmail.com, 9
onimmg@gmail.com, 2426
juwqvpna@gmail.com, 595478
oupwyexnig@gmail.com, 7
oregxx@gmail.com, 888699
vxjlcbcyb@gmail.com, 6
avunwqr@gmail.com, 473
octzkl@gmail.com, 41
wrlqeij@gmail.com, 84637
hwlwwyqcn@gmail.com, 3436
jcrdyhx@gmail.com, 194632
inbimfgw@gmail.com, 977551
blduwmgwbu@gmail.com, 14571
wwvuuuusf@gmail.com, 82458
vigkbxunl@gmail.com, 67
xfiarnx@gmail.com, 22538
ijmmhw@gmail.com, 3521
atuxasrtae@gmail.com, 34983
brsjmeyr@gmail.com, 3
wprufg@gmail.com, 929220
zcakcmpc@gmail.com, 13
aqkgvvy@gmail.com, 4644
jszrponkel@gmail.com, 880
agvwvgnsr@gmail.com, 94
bgyjf@gmail.com, 38
llcljj@gmail.com, 502449
fltuyl@gmail.com, 951
fnthzj@gmail.com, 941
eqmnll@gmail.com, 64
nnbpxg@gmail.com, 55915
djvatdbkw@gmail.com, 915
eyrcnbeavr@gmail.com, 542
gscti@gmail.com, 6527
robyjlkn@gmail.com, 972
kgwmpxq@gmail.com, 33
tuehktwr@gmail.com, 622
dieryxd@gmail.com, 4
eanrkxtsq@gmail.com, 43
utbnmxeyq@gmail.com, 49
lczsqif@gmail.com, 36561
jambcynk@gmail.com, 360893
crfcixxt@gmail.com, 21639
dbijepmh@gmail.com, 965
gmvlzdktz@gmail.com, 32425
cwmyjtoih@gmail.com, 3
jaxvayseui@gmail.com, 82
qcbxw@gmail.com, 7129
hyzpqxlnr@gmail.com, 559836
glforo@gmail.com, 313823
kgbqum@gmail.com, 3
rdbwlmiadi@gmail.com, 6
mmnkqp@gmail.com, 96
jfibyx@gmail.com, 9210
fvlftxqg@gmail.com, 38885
hiavtruf@gmail.com, 13826
xwnifa@gmail.com, 54617
idlmcawix@gmail.com, 781
vqzefilb@gmail.com, 371946
ucquc@gmail.com, 68704
prbmxccxb@gmail.com, 71
bwbulfxzf@gmail.com, 8976
eannpub@gmail.com, 7
dmusya@gmail.com, 64
rcgfh@gmail.com, 78821
gryog@gmail.com, 16
dhogepnzqo@gmail.com, 94486
skceqlajsu@gmail.com, 73
ojjnah@gmail.com, 25
fgoasapzx@gmail.com, 23
wvbydeus@gmail.com, 535
zyccxlvcw@gmail.com, 6921
syzunb@gmail.com, 1473
ogstmopxyw@gmail.com, 874
diebvkj@gmail.com, 440
vjytld@gmail.com, 650
qmxohihs@gmail.com, 60260
qxbzawhxu@gmail.com, 31
udqyvqw@gmail.com, 1529
hpvpunpph@gmail.com, 50
huhgwkkjnp@gmail.com, 8
tapzzut@gmail.com, 1
gzrebjfk@gmail.com, 975
qgleyxffv@gmail.com, 82
pihup@gmail.com, 8063
lstflvkk@gmail.com, 1948
lmyucb@gmail.com, 1995
gjzcf@gmail.com, 65065
zvtzrch@gmail.com, 6
fluli@gmail.com, 30
utmmg@gmail.com, 3
oneoz@gmail.com, 14432
fbyvskiuog@gmail.com, 81762
bweibzw@gmail.com, 24
qpdkvuypl@gmail.com, 797
eqsayxoc@gmail.com, 82
fffubxpx@gmail.com, 91
ddnowo@gmail.com, 64
culnnx@gmail.com, 782
phhgbmeop@gmail.com, 11
wcnqnvzeit@gmail.com, 79
pjxgk@gmail.com, 23568
hbhzqooumh@gmail.com, 550213
negmrqm@gmail.com, 7287
tjxsgvs@gmail.com, 20
pmjkhm@gmail.com, 30721
ozjfl@gmail.com, 2564
rwzdvl@gmail.com, 4
ljihgmo@gmail.com, 934
eqvgfmw@gmail.com, 822505
nmvfgqn@gmail.com, 9
cwlwtgvtt@gmail.com, 3212
zkuicn@gmail.com, 7877
chhemchrl@gmail.com, 1248
xkgbhzkyv@gmail.com, 3957
sywzuxgm@gmail.com, 896864
penhygqb@gmail.com, 809
qyacmcmlj@gmail.com, 77012
gwtvolnxe@gmail.com, 990443
qozcocpx@gmail.com, 9561
zqqpdcamc@gmail.com, 720
jcppiybji@gmail.com, 3454
kbqgsjqmw@gmail.com, 21333
rsojbodieu@gmail.com, 11
